filepath,filename,actor,gender,emotion_code,emotion,intensity,statement,repetition,modality,vocal_channel,duration_sec,label_encoded
C:\Speech Emotion Recognition\notebooks\..\data\Raw\Audio_Speech_Actors_01-24\Actor_01\03-01-01-01-01-01-01.wav,03-01-01-01-01-01-01.wav,1,male,1,neutral,normal,1,1,audio,speech,3.303,0
C:\Speech Emotion Recognition\notebooks\..\data\Raw\Audio_Speech_Actors_01-24\Actor_01\03-01-01-01-01-02-01.wav,03-01-01-01-01-02-01.wav,1,male,1,neutral,normal,1,2,audio,speech,3.337,0
C:\Speech Emotion Recognition\notebooks\..\data\Raw\Audio_Speech_Actors_01-24\Actor_01\03-01-01-01-02-01-01.wav,03-01-01-01-02-01-01.wav,1,male,1,neutral,normal,2,1,audio,speech,3.27,0
C:\Speech Emotion Recognition\notebooks\..\data\Raw\Audio_Speech_Actors_01-24\Actor_01\03-01-01-01-02-02-01.wav,03-01-01-01-02-02-01.wav,1,male,1,neutral,normal,2,2,audio,speech,3.17,0
C:\Speech Emotion Recognition\notebooks\..\data\Raw\Audio_Speech_Actors_01-24\Actor_01\03-01-02-01-01-01-01.wav,03-01-02-01-01-01-01.wav,1,male,2,calm,normal,1,1,audio,speech,3.537,1
C:\Speech Emotion Recognition\notebooks\..\data\Raw\Audio_Speech_Actors_01-24\Actor_01\03-01-02-01-01-02-01.wav,03-01-02-01-01-02-01.wav,1,male,2,calm,normal,1,2,audio,speech,3.604,1
C:\Speech Emotion Recognition\notebooks\..\data\Raw\Audio_Speech_Actors_01-24\Actor_01\03-01-02-01-02-01-01.wav,03-01-02-01-02-01-01.wav,1,male,2,calm,normal,2,1,audio,speech,3.503,1
C:\Speech Emotion Recognition\notebooks\..\data\Raw\Audio_Speech_Actors_01-24\Actor_01\03-01-02-01-02-02-01.wav,03-01-02-01-02-02-01.wav,1,male,2,calm,normal,2,2,audio,speech,3.47,1
C:\Speech Emotion Recognition\notebooks\..\data\Raw\Audio_Speech_Actors_01-24\Actor_01\03-01-02-02-01-01-01.wav,03-01-02-02-01-01-01.wav,1,male,2,calm,strong,1,1,audio,speech,3.704,1
C:\Speech Emotion Recognition\notebooks\..\data\Raw\Audio_Speech_Actors_01-24\Actor_01\03-01-02-02-01-02-01.wav,03-01-02-02-01-02-01.wav,1,male,2,calm,strong,1,2,audio,speech,4.004,1
C:\Speech Emotion Recognition\notebooks\..\data\Raw\Audio_Speech_Actors_01-24\Actor_01\03-01-02-02-02-01-01.wav,03-01-02-02-02-01-01.wav,1,male,2,calm,strong,2,1,audio,speech,4.204,1
C:\Speech Emotion Recognition\notebooks\..\data\Raw\Audio_Speech_Actors_01-24\Actor_01\03-01-02-02-02-02-01.wav,03-01-02-02-02-02-01.wav,1,male,2,calm,strong,2,2,audio,speech,4.004,1
C:\Speech Emotion Recognition\notebooks\..\data\Raw\Audio_Speech_Actors_01-24\Actor_01\03-01-03-01-01-01-01.wav,03-01-03-01-01-01-01.wav,1,male,3,happy,normal,1,1,audio,speech,3.47,2
C:\Speech Emotion Recognition\notebooks\..\data\Raw\Audio_Speech_Actors_01-24\Actor_01\03-01-03-01-01-02-01.wav,03-01-03-01-01-02-01.wav,1,male,3,happy,normal,1,2,audio,speech,3.47,2
C:\Speech Emotion Recognition\notebooks\..\data\Raw\Audio_Speech_Actors_01-24\Actor_01\03-01-03-01-02-01-01.wav,03-01-03-01-02-01-01.wav,1,male,3,happy,normal,2,1,audio,speech,3.537,2
C:\Speech Emotion Recognition\notebooks\..\data\Raw\Audio_Speech_Actors_01-24\Actor_01\03-01-03-01-02-02-01.wav,03-01-03-01-02-02-01.wav,1,male,3,happy,normal,2,2,audio,speech,3.704,2
C:\Speech Emotion Recognition\notebooks\..\data\Raw\Audio_Speech_Actors_01-24\Actor_01\03-01-03-02-01-01-01.wav,03-01-03-02-01-01-01.wav,1,male,3,happy,strong,1,1,audio,speech,3.67,2
C:\Speech Emotion Recognition\notebooks\..\data\Raw\Audio_Speech_Actors_01-24\Actor_01\03-01-03-02-01-02-01.wav,03-01-03-02-01-02-01.wav,1,male,3,happy,strong,1,2,audio,speech,3.637,2
C:\Speech Emotion Recognition\notebooks\..\data\Raw\Audio_Speech_Actors_01-24\Actor_01\03-01-03-02-02-01-01.wav,03-01-03-02-02-01-01.wav,1,male,3,happy,strong,2,1,audio,speech,3.937,2
C:\Speech Emotion Recognition\notebooks\..\data\Raw\Audio_Speech_Actors_01-24\Actor_01\03-01-03-02-02-02-01.wav,03-01-03-02-02-02-01.wav,1,male,3,happy,strong,2,2,audio,speech,3.937,2
C:\Speech Emotion Recognition\notebooks\..\data\Raw\Audio_Speech_Actors_01-24\Actor_01\03-01-04-01-01-01-01.wav,03-01-04-01-01-01-01.wav,1,male,4,sad,normal,1,1,audio,speech,3.837,3
C:\Speech Emotion Recognition\notebooks\..\data\Raw\Audio_Speech_Actors_01-24\Actor_01\03-01-04-01-01-02-01.wav,03-01-04-01-01-02-01.wav,1,male,4,sad,normal,1,2,audio,speech,3.57,3
C:\Speech Emotion Recognition\notebooks\..\data\Raw\Audio_Speech_Actors_01-24\Actor_01\03-01-04-01-02-01-01.wav,03-01-04-01-02-01-01.wav,1,male,4,sad,normal,2,1,audio,speech,3.503,3
C:\Speech Emotion Recognition\notebooks\..\data\Raw\Audio_Speech_Actors_01-24\Actor_01\03-01-04-01-02-02-01.wav,03-01-04-01-02-02-01.wav,1,male,4,sad,normal,2,2,audio,speech,3.37,3
C:\Speech Emotion Recognition\notebooks\..\data\Raw\Audio_Speech_Actors_01-24\Actor_01\03-01-04-02-01-01-01.wav,03-01-04-02-01-01-01.wav,1,male,4,sad,strong,1,1,audio,speech,3.804,3
C:\Speech Emotion Recognition\notebooks\..\data\Raw\Audio_Speech_Actors_01-24\Actor_01\03-01-04-02-01-02-01.wav,03-01-04-02-01-02-01.wav,1,male,4,sad,strong,1,2,audio,speech,3.704,3
C:\Speech Emotion Recognition\notebooks\..\data\Raw\Audio_Speech_Actors_01-24\Actor_01\03-01-04-02-02-01-01.wav,03-01-04-02-02-01-01.wav,1,male,4,sad,strong,2,1,audio,speech,3.737,3
C:\Speech Emotion Recognition\notebooks\..\data\Raw\Audio_Speech_Actors_01-24\Actor_01\03-01-04-02-02-02-01.wav,03-01-04-02-02-02-01.wav,1,male,4,sad,strong,2,2,audio,speech,3.737,3
C:\Speech Emotion Recognition\notebooks\..\data\Raw\Audio_Speech_Actors_01-24\Actor_01\03-01-05-01-01-01-01.wav,03-01-05-01-01-01-01.wav,1,male,5,angry,normal,1,1,audio,speech,3.871,4
C:\Speech Emotion Recognition\notebooks\..\data\Raw\Audio_Speech_Actors_01-24\Actor_01\03-01-05-01-01-02-01.wav,03-01-05-01-01-02-01.wav,1,male,5,angry,normal,1,2,audio,speech,3.937,4
C:\Speech Emotion Recognition\notebooks\..\data\Raw\Audio_Speech_Actors_01-24\Actor_01\03-01-05-01-02-01-01.wav,03-01-05-01-02-01-01.wav,1,male,5,angry,normal,2,1,audio,speech,3.503,4
C:\Speech Emotion Recognition\notebooks\..\data\Raw\Audio_Speech_Actors_01-24\Actor_01\03-01-05-01-02-02-01.wav,03-01-05-01-02-02-01.wav,1,male,5,angry,normal,2,2,audio,speech,3.737,4
C:\Speech Emotion Recognition\notebooks\..\data\Raw\Audio_Speech_Actors_01-24\Actor_01\03-01-05-02-01-01-01.wav,03-01-05-02-01-01-01.wav,1,male,5,angry,strong,1,1,audio,speech,4.104,4
C:\Speech Emotion Recognition\notebooks\..\data\Raw\Audio_Speech_Actors_01-24\Actor_01\03-01-05-02-01-02-01.wav,03-01-05-02-01-02-01.wav,1,male,5,angry,strong,1,2,audio,speech,4.371,4
C:\Speech Emotion Recognition\notebooks\..\data\Raw\Audio_Speech_Actors_01-24\Actor_01\03-01-05-02-02-01-01.wav,03-01-05-02-02-01-01.wav,1,male,5,angry,strong,2,1,audio,speech,4.137,4
C:\Speech Emotion Recognition\notebooks\..\data\Raw\Audio_Speech_Actors_01-24\Actor_01\03-01-05-02-02-02-01.wav,03-01-05-02-02-02-01.wav,1,male,5,angry,strong,2,2,audio,speech,4.438,4
C:\Speech Emotion Recognition\notebooks\..\data\Raw\Audio_Speech_Actors_01-24\Actor_01\03-01-06-01-01-01-01.wav,03-01-06-01-01-01-01.wav,1,male,6,fearful,normal,1,1,audio,speech,3.67,5
C:\Speech Emotion Recognition\notebooks\..\data\Raw\Audio_Speech_Actors_01-24\Actor_01\03-01-06-01-01-02-01.wav,03-01-06-01-01-02-01.wav,1,male,6,fearful,normal,1,2,audio,speech,3.637,5
C:\Speech Emotion Recognition\notebooks\..\data\Raw\Audio_Speech_Actors_01-24\Actor_01\03-01-06-01-02-01-01.wav,03-01-06-01-02-01-01.wav,1,male,6,fearful,normal,2,1,audio,speech,3.437,5
C:\Speech Emotion Recognition\notebooks\..\data\Raw\Audio_Speech_Actors_01-24\Actor_01\03-01-06-01-02-02-01.wav,03-01-06-01-02-02-01.wav,1,male,6,fearful,normal,2,2,audio,speech,3.704,5
C:\Speech Emotion Recognition\notebooks\..\data\Raw\Audio_Speech_Actors_01-24\Actor_01\03-01-06-02-01-01-01.wav,03-01-06-02-01-01-01.wav,1,male,6,fearful,strong,1,1,audio,speech,5.005,5
C:\Speech Emotion Recognition\notebooks\..\data\Raw\Audio_Speech_Actors_01-24\Actor_01\03-01-06-02-01-02-01.wav,03-01-06-02-01-02-01.wav,1,male,6,fearful,strong,1,2,audio,speech,4.238,5
C:\Speech Emotion Recognition\notebooks\..\data\Raw\Audio_Speech_Actors_01-24\Actor_01\03-01-06-02-02-01-01.wav,03-01-06-02-02-01-01.wav,1,male,6,fearful,strong,2,1,audio,speech,3.971,5
C:\Speech Emotion Recognition\notebooks\..\data\Raw\Audio_Speech_Actors_01-24\Actor_01\03-01-06-02-02-02-01.wav,03-01-06-02-02-02-01.wav,1,male,6,fearful,strong,2,2,audio,speech,3.904,5
C:\Speech Emotion Recognition\notebooks\..\data\Raw\Audio_Speech_Actors_01-24\Actor_01\03-01-07-01-01-01-01.wav,03-01-07-01-01-01-01.wav,1,male,7,disgust,normal,1,1,audio,speech,3.871,6
C:\Speech Emotion Recognition\notebooks\..\data\Raw\Audio_Speech_Actors_01-24\Actor_01\03-01-07-01-01-02-01.wav,03-01-07-01-01-02-01.wav,1,male,7,disgust,normal,1,2,audio,speech,3.904,6
C:\Speech Emotion Recognition\notebooks\..\data\Raw\Audio_Speech_Actors_01-24\Actor_01\03-01-07-01-02-01-01.wav,03-01-07-01-02-01-01.wav,1,male,7,disgust,normal,2,1,audio,speech,3.904,6
C:\Speech Emotion Recognition\notebooks\..\data\Raw\Audio_Speech_Actors_01-24\Actor_01\03-01-07-01-02-02-01.wav,03-01-07-01-02-02-01.wav,1,male,7,disgust,normal,2,2,audio,speech,3.837,6
C:\Speech Emotion Recognition\notebooks\..\data\Raw\Audio_Speech_Actors_01-24\Actor_01\03-01-07-02-01-01-01.wav,03-01-07-02-01-01-01.wav,1,male,7,disgust,strong,1,1,audio,speech,4.304,6
C:\Speech Emotion Recognition\notebooks\..\data\Raw\Audio_Speech_Actors_01-24\Actor_01\03-01-07-02-01-02-01.wav,03-01-07-02-01-02-01.wav,1,male,7,disgust,strong,1,2,audio,speech,4.104,6
C:\Speech Emotion Recognition\notebooks\..\data\Raw\Audio_Speech_Actors_01-24\Actor_01\03-01-07-02-02-01-01.wav,03-01-07-02-02-01-01.wav,1,male,7,disgust,strong,2,1,audio,speech,4.037,6
C:\Speech Emotion Recognition\notebooks\..\data\Raw\Audio_Speech_Actors_01-24\Actor_01\03-01-07-02-02-02-01.wav,03-01-07-02-02-02-01.wav,1,male,7,disgust,strong,2,2,audio,speech,4.371,6
C:\Speech Emotion Recognition\notebooks\..\data\Raw\Audio_Speech_Actors_01-24\Actor_01\03-01-08-01-01-01-01.wav,03-01-08-01-01-01-01.wav,1,male,8,surprised,normal,1,1,audio,speech,3.403,7
C:\Speech Emotion Recognition\notebooks\..\data\Raw\Audio_Speech_Actors_01-24\Actor_01\03-01-08-01-01-02-01.wav,03-01-08-01-01-02-01.wav,1,male,8,surprised,normal,1,2,audio,speech,3.27,7
C:\Speech Emotion Recognition\notebooks\..\data\Raw\Audio_Speech_Actors_01-24\Actor_01\03-01-08-01-02-01-01.wav,03-01-08-01-02-01-01.wav,1,male,8,surprised,normal,2,1,audio,speech,3.537,7
C:\Speech Emotion Recognition\notebooks\..\data\Raw\Audio_Speech_Actors_01-24\Actor_01\03-01-08-01-02-02-01.wav,03-01-08-01-02-02-01.wav,1,male,8,surprised,normal,2,2,audio,speech,3.27,7
C:\Speech Emotion Recognition\notebooks\..\data\Raw\Audio_Speech_Actors_01-24\Actor_01\03-01-08-02-01-01-01.wav,03-01-08-02-01-01-01.wav,1,male,8,surprised,strong,1,1,audio,speech,3.437,7
C:\Speech Emotion Recognition\notebooks\..\data\Raw\Audio_Speech_Actors_01-24\Actor_01\03-01-08-02-01-02-01.wav,03-01-08-02-01-02-01.wav,1,male,8,surprised,strong,1,2,audio,speech,3.57,7
C:\Speech Emotion Recognition\notebooks\..\data\Raw\Audio_Speech_Actors_01-24\Actor_01\03-01-08-02-02-01-01.wav,03-01-08-02-02-01-01.wav,1,male,8,surprised,strong,2,1,audio,speech,3.503,7
C:\Speech Emotion Recognition\notebooks\..\data\Raw\Audio_Speech_Actors_01-24\Actor_01\03-01-08-02-02-02-01.wav,03-01-08-02-02-02-01.wav,1,male,8,surprised,strong,2,2,audio,speech,3.27,7
C:\Speech Emotion Recognition\notebooks\..\data\Raw\Audio_Speech_Actors_01-24\Actor_02\03-01-01-01-01-01-02.wav,03-01-01-01-01-01-02.wav,2,female,1,neutral,normal,1,1,audio,speech,3.637,0
C:\Speech Emotion Recognition\notebooks\..\data\Raw\Audio_Speech_Actors_01-24\Actor_02\03-01-01-01-01-02-02.wav,03-01-01-01-01-02-02.wav,2,female,1,neutral,normal,1,2,audio,speech,3.604,0
C:\Speech Emotion Recognition\notebooks\..\data\Raw\Audio_Speech_Actors_01-24\Actor_02\03-01-01-01-02-01-02.wav,03-01-01-01-02-01-02.wav,2,female,1,neutral,normal,2,1,audio,speech,3.77,0
C:\Speech Emotion Recognition\notebooks\..\data\Raw\Audio_Speech_Actors_01-24\Actor_02\03-01-01-01-02-02-02.wav,03-01-01-01-02-02-02.wav,2,female,1,neutral,normal,2,2,audio,speech,3.604,0
C:\Speech Emotion Recognition\notebooks\..\data\Raw\Audio_Speech_Actors_01-24\Actor_02\03-01-02-01-01-01-02.wav,03-01-02-01-01-01-02.wav,2,female,2,calm,normal,1,1,audio,speech,3.837,1
C:\Speech Emotion Recognition\notebooks\..\data\Raw\Audio_Speech_Actors_01-24\Actor_02\03-01-02-01-01-02-02.wav,03-01-02-01-01-02-02.wav,2,female,2,calm,normal,1,2,audio,speech,4.004,1
C:\Speech Emotion Recognition\notebooks\..\data\Raw\Audio_Speech_Actors_01-24\Actor_02\03-01-02-01-02-01-02.wav,03-01-02-01-02-01-02.wav,2,female,2,calm,normal,2,1,audio,speech,3.837,1
C:\Speech Emotion Recognition\notebooks\..\data\Raw\Audio_Speech_Actors_01-24\Actor_02\03-01-02-01-02-02-02.wav,03-01-02-01-02-02-02.wav,2,female,2,calm,normal,2,2,audio,speech,3.971,1
C:\Speech Emotion Recognition\notebooks\..\data\Raw\Audio_Speech_Actors_01-24\Actor_02\03-01-02-02-01-01-02.wav,03-01-02-02-01-01-02.wav,2,female,2,calm,strong,1,1,audio,speech,4.137,1
C:\Speech Emotion Recognition\notebooks\..\data\Raw\Audio_Speech_Actors_01-24\Actor_02\03-01-02-02-01-02-02.wav,03-01-02-02-01-02-02.wav,2,female,2,calm,strong,1,2,audio,speech,4.037,1
C:\Speech Emotion Recognition\notebooks\..\data\Raw\Audio_Speech_Actors_01-24\Actor_02\03-01-02-02-02-01-02.wav,03-01-02-02-02-01-02.wav,2,female,2,calm,strong,2,1,audio,speech,4.104,1
C:\Speech Emotion Recognition\notebooks\..\data\Raw\Audio_Speech_Actors_01-24\Actor_02\03-01-02-02-02-02-02.wav,03-01-02-02-02-02-02.wav,2,female,2,calm,strong,2,2,audio,speech,4.104,1
C:\Speech Emotion Recognition\notebooks\..\data\Raw\Audio_Speech_Actors_01-24\Actor_02\03-01-03-01-01-01-02.wav,03-01-03-01-01-01-02.wav,2,female,3,happy,normal,1,1,audio,speech,3.604,2
C:\Speech Emotion Recognition\notebooks\..\data\Raw\Audio_Speech_Actors_01-24\Actor_02\03-01-03-01-01-02-02.wav,03-01-03-01-01-02-02.wav,2,female,3,happy,normal,1,2,audio,speech,3.704,2
C:\Speech Emotion Recognition\notebooks\..\data\Raw\Audio_Speech_Actors_01-24\Actor_02\03-01-03-01-02-01-02.wav,03-01-03-01-02-01-02.wav,2,female,3,happy,normal,2,1,audio,speech,3.77,2
C:\Speech Emotion Recognition\notebooks\..\data\Raw\Audio_Speech_Actors_01-24\Actor_02\03-01-03-01-02-02-02.wav,03-01-03-01-02-02-02.wav,2,female,3,happy,normal,2,2,audio,speech,3.737,2
C:\Speech Emotion Recognition\notebooks\..\data\Raw\Audio_Speech_Actors_01-24\Actor_02\03-01-03-02-01-01-02.wav,03-01-03-02-01-01-02.wav,2,female,3,happy,strong,1,1,audio,speech,3.704,2
C:\Speech Emotion Recognition\notebooks\..\data\Raw\Audio_Speech_Actors_01-24\Actor_02\03-01-03-02-01-02-02.wav,03-01-03-02-01-02-02.wav,2,female,3,happy,strong,1,2,audio,speech,3.67,2
C:\Speech Emotion Recognition\notebooks\..\data\Raw\Audio_Speech_Actors_01-24\Actor_02\03-01-03-02-02-01-02.wav,03-01-03-02-02-01-02.wav,2,female,3,happy,strong,2,1,audio,speech,3.704,2
C:\Speech Emotion Recognition\notebooks\..\data\Raw\Audio_Speech_Actors_01-24\Actor_02\03-01-03-02-02-02-02.wav,03-01-03-02-02-02-02.wav,2,female,3,happy,strong,2,2,audio,speech,3.871,2
C:\Speech Emotion Recognition\notebooks\..\data\Raw\Audio_Speech_Actors_01-24\Actor_02\03-01-04-01-01-01-02.wav,03-01-04-01-01-01-02.wav,2,female,4,sad,normal,1,1,audio,speech,3.837,3
C:\Speech Emotion Recognition\notebooks\..\data\Raw\Audio_Speech_Actors_01-24\Actor_02\03-01-04-01-01-02-02.wav,03-01-04-01-01-02-02.wav,2,female,4,sad,normal,1,2,audio,speech,3.77,3
C:\Speech Emotion Recognition\notebooks\..\data\Raw\Audio_Speech_Actors_01-24\Actor_02\03-01-04-01-02-01-02.wav,03-01-04-01-02-01-02.wav,2,female,4,sad,normal,2,1,audio,speech,3.737,3
C:\Speech Emotion Recognition\notebooks\..\data\Raw\Audio_Speech_Actors_01-24\Actor_02\03-01-04-01-02-02-02.wav,03-01-04-01-02-02-02.wav,2,female,4,sad,normal,2,2,audio,speech,3.77,3
C:\Speech Emotion Recognition\notebooks\..\data\Raw\Audio_Speech_Actors_01-24\Actor_02\03-01-04-02-01-01-02.wav,03-01-04-02-01-01-02.wav,2,female,4,sad,strong,1,1,audio,speech,3.737,3
C:\Speech Emotion Recognition\notebooks\..\data\Raw\Audio_Speech_Actors_01-24\Actor_02\03-01-04-02-01-02-02.wav,03-01-04-02-01-02-02.wav,2,female,4,sad,strong,1,2,audio,speech,3.77,3
C:\Speech Emotion Recognition\notebooks\..\data\Raw\Audio_Speech_Actors_01-24\Actor_02\03-01-04-02-02-01-02.wav,03-01-04-02-02-01-02.wav,2,female,4,sad,strong,2,1,audio,speech,3.704,3
C:\Speech Emotion Recognition\notebooks\..\data\Raw\Audio_Speech_Actors_01-24\Actor_02\03-01-04-02-02-02-02.wav,03-01-04-02-02-02-02.wav,2,female,4,sad,strong,2,2,audio,speech,3.67,3
C:\Speech Emotion Recognition\notebooks\..\data\Raw\Audio_Speech_Actors_01-24\Actor_02\03-01-05-01-01-01-02.wav,03-01-05-01-01-01-02.wav,2,female,5,angry,normal,1,1,audio,speech,3.67,4
C:\Speech Emotion Recognition\notebooks\..\data\Raw\Audio_Speech_Actors_01-24\Actor_02\03-01-05-01-01-02-02.wav,03-01-05-01-01-02-02.wav,2,female,5,angry,normal,1,2,audio,speech,3.67,4
C:\Speech Emotion Recognition\notebooks\..\data\Raw\Audio_Speech_Actors_01-24\Actor_02\03-01-05-01-02-01-02.wav,03-01-05-01-02-01-02.wav,2,female,5,angry,normal,2,1,audio,speech,3.77,4
C:\Speech Emotion Recognition\notebooks\..\data\Raw\Audio_Speech_Actors_01-24\Actor_02\03-01-05-01-02-02-02.wav,03-01-05-01-02-02-02.wav,2,female,5,angry,normal,2,2,audio,speech,3.804,4
C:\Speech Emotion Recognition\notebooks\..\data\Raw\Audio_Speech_Actors_01-24\Actor_02\03-01-05-02-01-01-02.wav,03-01-05-02-01-01-02.wav,2,female,5,angry,strong,1,1,audio,speech,3.904,4
C:\Speech Emotion Recognition\notebooks\..\data\Raw\Audio_Speech_Actors_01-24\Actor_02\03-01-05-02-01-02-02.wav,03-01-05-02-01-02-02.wav,2,female,5,angry,strong,1,2,audio,speech,4.004,4
C:\Speech Emotion Recognition\notebooks\..\data\Raw\Audio_Speech_Actors_01-24\Actor_02\03-01-05-02-02-01-02.wav,03-01-05-02-02-01-02.wav,2,female,5,angry,strong,2,1,audio,speech,4.004,4
C:\Speech Emotion Recognition\notebooks\..\data\Raw\Audio_Speech_Actors_01-24\Actor_02\03-01-05-02-02-02-02.wav,03-01-05-02-02-02-02.wav,2,female,5,angry,strong,2,2,audio,speech,4.004,4
C:\Speech Emotion Recognition\notebooks\..\data\Raw\Audio_Speech_Actors_01-24\Actor_02\03-01-06-01-01-01-02.wav,03-01-06-01-01-01-02.wav,2,female,6,fearful,normal,1,1,audio,speech,3.637,5
C:\Speech Emotion Recognition\notebooks\..\data\Raw\Audio_Speech_Actors_01-24\Actor_02\03-01-06-01-01-02-02.wav,03-01-06-01-01-02-02.wav,2,female,6,fearful,normal,1,2,audio,speech,3.737,5
C:\Speech Emotion Recognition\notebooks\..\data\Raw\Audio_Speech_Actors_01-24\Actor_02\03-01-06-01-02-01-02.wav,03-01-06-01-02-01-02.wav,2,female,6,fearful,normal,2,1,audio,speech,3.67,5
C:\Speech Emotion Recognition\notebooks\..\data\Raw\Audio_Speech_Actors_01-24\Actor_02\03-01-06-01-02-02-02.wav,03-01-06-01-02-02-02.wav,2,female,6,fearful,normal,2,2,audio,speech,3.737,5
C:\Speech Emotion Recognition\notebooks\..\data\Raw\Audio_Speech_Actors_01-24\Actor_02\03-01-06-02-01-01-02.wav,03-01-06-02-01-01-02.wav,2,female,6,fearful,strong,1,1,audio,speech,3.804,5
C:\Speech Emotion Recognition\notebooks\..\data\Raw\Audio_Speech_Actors_01-24\Actor_02\03-01-06-02-01-02-02.wav,03-01-06-02-01-02-02.wav,2,female,6,fearful,strong,1,2,audio,speech,3.637,5
C:\Speech Emotion Recognition\notebooks\..\data\Raw\Audio_Speech_Actors_01-24\Actor_02\03-01-06-02-02-01-02.wav,03-01-06-02-02-01-02.wav,2,female,6,fearful,strong,2,1,audio,speech,3.604,5
C:\Speech Emotion Recognition\notebooks\..\data\Raw\Audio_Speech_Actors_01-24\Actor_02\03-01-06-02-02-02-02.wav,03-01-06-02-02-02-02.wav,2,female,6,fearful,strong,2,2,audio,speech,3.604,5
C:\Speech Emotion Recognition\notebooks\..\data\Raw\Audio_Speech_Actors_01-24\Actor_02\03-01-07-01-01-01-02.wav,03-01-07-01-01-01-02.wav,2,female,7,disgust,normal,1,1,audio,speech,3.67,6
C:\Speech Emotion Recognition\notebooks\..\data\Raw\Audio_Speech_Actors_01-24\Actor_02\03-01-07-01-01-02-02.wav,03-01-07-01-01-02-02.wav,2,female,7,disgust,normal,1,2,audio,speech,3.637,6
C:\Speech Emotion Recognition\notebooks\..\data\Raw\Audio_Speech_Actors_01-24\Actor_02\03-01-07-01-02-01-02.wav,03-01-07-01-02-01-02.wav,2,female,7,disgust,normal,2,1,audio,speech,3.871,6
C:\Speech Emotion Recognition\notebooks\..\data\Raw\Audio_Speech_Actors_01-24\Actor_02\03-01-07-01-02-02-02.wav,03-01-07-01-02-02-02.wav,2,female,7,disgust,normal,2,2,audio,speech,3.837,6
C:\Speech Emotion Recognition\notebooks\..\data\Raw\Audio_Speech_Actors_01-24\Actor_02\03-01-07-02-01-01-02.wav,03-01-07-02-01-01-02.wav,2,female,7,disgust,strong,1,1,audio,speech,4.137,6
C:\Speech Emotion Recognition\notebooks\..\data\Raw\Audio_Speech_Actors_01-24\Actor_02\03-01-07-02-01-02-02.wav,03-01-07-02-01-02-02.wav,2,female,7,disgust,strong,1,2,audio,speech,4.137,6
C:\Speech Emotion Recognition\notebooks\..\data\Raw\Audio_Speech_Actors_01-24\Actor_02\03-01-07-02-02-01-02.wav,03-01-07-02-02-01-02.wav,2,female,7,disgust,strong,2,1,audio,speech,4.004,6
C:\Speech Emotion Recognition\notebooks\..\data\Raw\Audio_Speech_Actors_01-24\Actor_02\03-01-07-02-02-02-02.wav,03-01-07-02-02-02-02.wav,2,female,7,disgust,strong,2,2,audio,speech,4.037,6
C:\Speech Emotion Recognition\notebooks\..\data\Raw\Audio_Speech_Actors_01-24\Actor_02\03-01-08-01-01-01-02.wav,03-01-08-01-01-01-02.wav,2,female,8,surprised,normal,1,1,audio,speech,3.537,7
C:\Speech Emotion Recognition\notebooks\..\data\Raw\Audio_Speech_Actors_01-24\Actor_02\03-01-08-01-01-02-02.wav,03-01-08-01-01-02-02.wav,2,female,8,surprised,normal,1,2,audio,speech,3.537,7
C:\Speech Emotion Recognition\notebooks\..\data\Raw\Audio_Speech_Actors_01-24\Actor_02\03-01-08-01-02-01-02.wav,03-01-08-01-02-01-02.wav,2,female,8,surprised,normal,2,1,audio,speech,3.604,7
C:\Speech Emotion Recognition\notebooks\..\data\Raw\Audio_Speech_Actors_01-24\Actor_02\03-01-08-01-02-02-02.wav,03-01-08-01-02-02-02.wav,2,female,8,surprised,normal,2,2,audio,speech,3.537,7
C:\Speech Emotion Recognition\notebooks\..\data\Raw\Audio_Speech_Actors_01-24\Actor_02\03-01-08-02-01-01-02.wav,03-01-08-02-01-01-02.wav,2,female,8,surprised,strong,1,1,audio,speech,3.737,7
C:\Speech Emotion Recognition\notebooks\..\data\Raw\Audio_Speech_Actors_01-24\Actor_02\03-01-08-02-01-02-02.wav,03-01-08-02-01-02-02.wav,2,female,8,surprised,strong,1,2,audio,speech,3.77,7
C:\Speech Emotion Recognition\notebooks\..\data\Raw\Audio_Speech_Actors_01-24\Actor_02\03-01-08-02-02-01-02.wav,03-01-08-02-02-01-02.wav,2,female,8,surprised,strong,2,1,audio,speech,3.737,7
C:\Speech Emotion Recognition\notebooks\..\data\Raw\Audio_Speech_Actors_01-24\Actor_02\03-01-08-02-02-02-02.wav,03-01-08-02-02-02-02.wav,2,female,8,surprised,strong,2,2,audio,speech,3.804,7
C:\Speech Emotion Recognition\notebooks\..\data\Raw\Audio_Speech_Actors_01-24\Actor_03\03-01-01-01-01-01-03.wav,03-01-01-01-01-01-03.wav,3,male,1,neutral,normal,1,1,audio,speech,3.437,0
C:\Speech Emotion Recognition\notebooks\..\data\Raw\Audio_Speech_Actors_01-24\Actor_03\03-01-01-01-01-02-03.wav,03-01-01-01-01-02-03.wav,3,male,1,neutral,normal,1,2,audio,speech,3.503,0
C:\Speech Emotion Recognition\notebooks\..\data\Raw\Audio_Speech_Actors_01-24\Actor_03\03-01-01-01-02-01-03.wav,03-01-01-01-02-01-03.wav,3,male,1,neutral,normal,2,1,audio,speech,3.503,0
C:\Speech Emotion Recognition\notebooks\..\data\Raw\Audio_Speech_Actors_01-24\Actor_03\03-01-01-01-02-02-03.wav,03-01-01-01-02-02-03.wav,3,male,1,neutral,normal,2,2,audio,speech,3.47,0
C:\Speech Emotion Recognition\notebooks\..\data\Raw\Audio_Speech_Actors_01-24\Actor_03\03-01-02-01-01-01-03.wav,03-01-02-01-01-01-03.wav,3,male,2,calm,normal,1,1,audio,speech,3.837,1
C:\Speech Emotion Recognition\notebooks\..\data\Raw\Audio_Speech_Actors_01-24\Actor_03\03-01-02-01-01-02-03.wav,03-01-02-01-01-02-03.wav,3,male,2,calm,normal,1,2,audio,speech,3.737,1
C:\Speech Emotion Recognition\notebooks\..\data\Raw\Audio_Speech_Actors_01-24\Actor_03\03-01-02-01-02-01-03.wav,03-01-02-01-02-01-03.wav,3,male,2,calm,normal,2,1,audio,speech,3.837,1
C:\Speech Emotion Recognition\notebooks\..\data\Raw\Audio_Speech_Actors_01-24\Actor_03\03-01-02-01-02-02-03.wav,03-01-02-01-02-02-03.wav,3,male,2,calm,normal,2,2,audio,speech,3.971,1
C:\Speech Emotion Recognition\notebooks\..\data\Raw\Audio_Speech_Actors_01-24\Actor_03\03-01-02-02-01-01-03.wav,03-01-02-02-01-01-03.wav,3,male,2,calm,strong,1,1,audio,speech,4.037,1
C:\Speech Emotion Recognition\notebooks\..\data\Raw\Audio_Speech_Actors_01-24\Actor_03\03-01-02-02-01-02-03.wav,03-01-02-02-01-02-03.wav,3,male,2,calm,strong,1,2,audio,speech,3.971,1
C:\Speech Emotion Recognition\notebooks\..\data\Raw\Audio_Speech_Actors_01-24\Actor_03\03-01-02-02-02-01-03.wav,03-01-02-02-02-01-03.wav,3,male,2,calm,strong,2,1,audio,speech,4.137,1
C:\Speech Emotion Recognition\notebooks\..\data\Raw\Audio_Speech_Actors_01-24\Actor_03\03-01-02-02-02-02-03.wav,03-01-02-02-02-02-03.wav,3,male,2,calm,strong,2,2,audio,speech,4.004,1
C:\Speech Emotion Recognition\notebooks\..\data\Raw\Audio_Speech_Actors_01-24\Actor_03\03-01-03-01-01-01-03.wav,03-01-03-01-01-01-03.wav,3,male,3,happy,normal,1,1,audio,speech,3.77,2
C:\Speech Emotion Recognition\notebooks\..\data\Raw\Audio_Speech_Actors_01-24\Actor_03\03-01-03-01-01-02-03.wav,03-01-03-01-01-02-03.wav,3,male,3,happy,normal,1,2,audio,speech,3.604,2
C:\Speech Emotion Recognition\notebooks\..\data\Raw\Audio_Speech_Actors_01-24\Actor_03\03-01-03-01-02-01-03.wav,03-01-03-01-02-01-03.wav,3,male,3,happy,normal,2,1,audio,speech,3.503,2
C:\Speech Emotion Recognition\notebooks\..\data\Raw\Audio_Speech_Actors_01-24\Actor_03\03-01-03-01-02-02-03.wav,03-01-03-01-02-02-03.wav,3,male,3,happy,normal,2,2,audio,speech,3.503,2
C:\Speech Emotion Recognition\notebooks\..\data\Raw\Audio_Speech_Actors_01-24\Actor_03\03-01-03-02-01-01-03.wav,03-01-03-02-01-01-03.wav,3,male,3,happy,strong,1,1,audio,speech,4.304,2
C:\Speech Emotion Recognition\notebooks\..\data\Raw\Audio_Speech_Actors_01-24\Actor_03\03-01-03-02-01-02-03.wav,03-01-03-02-01-02-03.wav,3,male,3,happy,strong,1,2,audio,speech,4.404,2
C:\Speech Emotion Recognition\notebooks\..\data\Raw\Audio_Speech_Actors_01-24\Actor_03\03-01-03-02-02-01-03.wav,03-01-03-02-02-01-03.wav,3,male,3,happy,strong,2,1,audio,speech,4.137,2
C:\Speech Emotion Recognition\notebooks\..\data\Raw\Audio_Speech_Actors_01-24\Actor_03\03-01-03-02-02-02-03.wav,03-01-03-02-02-02-03.wav,3,male,3,happy,strong,2,2,audio,speech,3.837,2
C:\Speech Emotion Recognition\notebooks\..\data\Raw\Audio_Speech_Actors_01-24\Actor_03\03-01-04-01-01-01-03.wav,03-01-04-01-01-01-03.wav,3,male,4,sad,normal,1,1,audio,speech,3.604,3
C:\Speech Emotion Recognition\notebooks\..\data\Raw\Audio_Speech_Actors_01-24\Actor_03\03-01-04-01-01-02-03.wav,03-01-04-01-01-02-03.wav,3,male,4,sad,normal,1,2,audio,speech,3.57,3
C:\Speech Emotion Recognition\notebooks\..\data\Raw\Audio_Speech_Actors_01-24\Actor_03\03-01-04-01-02-01-03.wav,03-01-04-01-02-01-03.wav,3,male,4,sad,normal,2,1,audio,speech,3.57,3
C:\Speech Emotion Recognition\notebooks\..\data\Raw\Audio_Speech_Actors_01-24\Actor_03\03-01-04-01-02-02-03.wav,03-01-04-01-02-02-03.wav,3,male,4,sad,normal,2,2,audio,speech,3.537,3
C:\Speech Emotion Recognition\notebooks\..\data\Raw\Audio_Speech_Actors_01-24\Actor_03\03-01-04-02-01-01-03.wav,03-01-04-02-01-01-03.wav,3,male,4,sad,strong,1,1,audio,speech,3.77,3
C:\Speech Emotion Recognition\notebooks\..\data\Raw\Audio_Speech_Actors_01-24\Actor_03\03-01-04-02-01-02-03.wav,03-01-04-02-01-02-03.wav,3,male,4,sad,strong,1,2,audio,speech,3.837,3
C:\Speech Emotion Recognition\notebooks\..\data\Raw\Audio_Speech_Actors_01-24\Actor_03\03-01-04-02-02-01-03.wav,03-01-04-02-02-01-03.wav,3,male,4,sad,strong,2,1,audio,speech,3.47,3
C:\Speech Emotion Recognition\notebooks\..\data\Raw\Audio_Speech_Actors_01-24\Actor_03\03-01-04-02-02-02-03.wav,03-01-04-02-02-02-03.wav,3,male,4,sad,strong,2,2,audio,speech,3.704,3
C:\Speech Emotion Recognition\notebooks\..\data\Raw\Audio_Speech_Actors_01-24\Actor_03\03-01-05-01-01-01-03.wav,03-01-05-01-01-01-03.wav,3,male,5,angry,normal,1,1,audio,speech,4.004,4
C:\Speech Emotion Recognition\notebooks\..\data\Raw\Audio_Speech_Actors_01-24\Actor_03\03-01-05-01-01-02-03.wav,03-01-05-01-01-02-03.wav,3,male,5,angry,normal,1,2,audio,speech,4.071,4
C:\Speech Emotion Recognition\notebooks\..\data\Raw\Audio_Speech_Actors_01-24\Actor_03\03-01-05-01-02-01-03.wav,03-01-05-01-02-01-03.wav,3,male,5,angry,normal,2,1,audio,speech,3.804,4
C:\Speech Emotion Recognition\notebooks\..\data\Raw\Audio_Speech_Actors_01-24\Actor_03\03-01-05-01-02-02-03.wav,03-01-05-01-02-02-03.wav,3,male,5,angry,normal,2,2,audio,speech,3.837,4
C:\Speech Emotion Recognition\notebooks\..\data\Raw\Audio_Speech_Actors_01-24\Actor_03\03-01-05-02-01-01-03.wav,03-01-05-02-01-01-03.wav,3,male,5,angry,strong,1,1,audio,speech,4.404,4
C:\Speech Emotion Recognition\notebooks\..\data\Raw\Audio_Speech_Actors_01-24\Actor_03\03-01-05-02-01-02-03.wav,03-01-05-02-01-02-03.wav,3,male,5,angry,strong,1,2,audio,speech,4.404,4
C:\Speech Emotion Recognition\notebooks\..\data\Raw\Audio_Speech_Actors_01-24\Actor_03\03-01-05-02-02-01-03.wav,03-01-05-02-02-01-03.wav,3,male,5,angry,strong,2,1,audio,speech,4.238,4
C:\Speech Emotion Recognition\notebooks\..\data\Raw\Audio_Speech_Actors_01-24\Actor_03\03-01-05-02-02-02-03.wav,03-01-05-02-02-02-03.wav,3,male,5,angry,strong,2,2,audio,speech,4.505,4
C:\Speech Emotion Recognition\notebooks\..\data\Raw\Audio_Speech_Actors_01-24\Actor_03\03-01-06-01-01-01-03.wav,03-01-06-01-01-01-03.wav,3,male,6,fearful,normal,1,1,audio,speech,3.737,5
C:\Speech Emotion Recognition\notebooks\..\data\Raw\Audio_Speech_Actors_01-24\Actor_03\03-01-06-01-01-02-03.wav,03-01-06-01-01-02-03.wav,3,male,6,fearful,normal,1,2,audio,speech,3.837,5
C:\Speech Emotion Recognition\notebooks\..\data\Raw\Audio_Speech_Actors_01-24\Actor_03\03-01-06-01-02-01-03.wav,03-01-06-01-02-01-03.wav,3,male,6,fearful,normal,2,1,audio,speech,3.503,5
C:\Speech Emotion Recognition\notebooks\..\data\Raw\Audio_Speech_Actors_01-24\Actor_03\03-01-06-01-02-02-03.wav,03-01-06-01-02-02-03.wav,3,male,6,fearful,normal,2,2,audio,speech,3.203,5
C:\Speech Emotion Recognition\notebooks\..\data\Raw\Audio_Speech_Actors_01-24\Actor_03\03-01-06-02-01-01-03.wav,03-01-06-02-01-01-03.wav,3,male,6,fearful,strong,1,1,audio,speech,3.303,5
C:\Speech Emotion Recognition\notebooks\..\data\Raw\Audio_Speech_Actors_01-24\Actor_03\03-01-06-02-01-02-03.wav,03-01-06-02-01-02-03.wav,3,male,6,fearful,strong,1,2,audio,speech,3.904,5
C:\Speech Emotion Recognition\notebooks\..\data\Raw\Audio_Speech_Actors_01-24\Actor_03\03-01-06-02-02-01-03.wav,03-01-06-02-02-01-03.wav,3,male,6,fearful,strong,2,1,audio,speech,3.303,5
C:\Speech Emotion Recognition\notebooks\..\data\Raw\Audio_Speech_Actors_01-24\Actor_03\03-01-06-02-02-02-03.wav,03-01-06-02-02-02-03.wav,3,male,6,fearful,strong,2,2,audio,speech,3.437,5
C:\Speech Emotion Recognition\notebooks\..\data\Raw\Audio_Speech_Actors_01-24\Actor_03\03-01-07-01-01-01-03.wav,03-01-07-01-01-01-03.wav,3,male,7,disgust,normal,1,1,audio,speech,4.037,6
C:\Speech Emotion Recognition\notebooks\..\data\Raw\Audio_Speech_Actors_01-24\Actor_03\03-01-07-01-01-02-03.wav,03-01-07-01-01-02-03.wav,3,male,7,disgust,normal,1,2,audio,speech,3.971,6
C:\Speech Emotion Recognition\notebooks\..\data\Raw\Audio_Speech_Actors_01-24\Actor_03\03-01-07-01-02-01-03.wav,03-01-07-01-02-01-03.wav,3,male,7,disgust,normal,2,1,audio,speech,3.604,6
C:\Speech Emotion Recognition\notebooks\..\data\Raw\Audio_Speech_Actors_01-24\Actor_03\03-01-07-01-02-02-03.wav,03-01-07-01-02-02-03.wav,3,male,7,disgust,normal,2,2,audio,speech,3.77,6
C:\Speech Emotion Recognition\notebooks\..\data\Raw\Audio_Speech_Actors_01-24\Actor_03\03-01-07-02-01-01-03.wav,03-01-07-02-01-01-03.wav,3,male,7,disgust,strong,1,1,audio,speech,4.104,6
C:\Speech Emotion Recognition\notebooks\..\data\Raw\Audio_Speech_Actors_01-24\Actor_03\03-01-07-02-01-02-03.wav,03-01-07-02-01-02-03.wav,3,male,7,disgust,strong,1,2,audio,speech,4.104,6
C:\Speech Emotion Recognition\notebooks\..\data\Raw\Audio_Speech_Actors_01-24\Actor_03\03-01-07-02-02-01-03.wav,03-01-07-02-02-01-03.wav,3,male,7,disgust,strong,2,1,audio,speech,3.837,6
C:\Speech Emotion Recognition\notebooks\..\data\Raw\Audio_Speech_Actors_01-24\Actor_03\03-01-07-02-02-02-03.wav,03-01-07-02-02-02-03.wav,3,male,7,disgust,strong,2,2,audio,speech,3.937,6
C:\Speech Emotion Recognition\notebooks\..\data\Raw\Audio_Speech_Actors_01-24\Actor_03\03-01-08-01-01-01-03.wav,03-01-08-01-01-01-03.wav,3,male,8,surprised,normal,1,1,audio,speech,3.237,7
C:\Speech Emotion Recognition\notebooks\..\data\Raw\Audio_Speech_Actors_01-24\Actor_03\03-01-08-01-01-02-03.wav,03-01-08-01-01-02-03.wav,3,male,8,surprised,normal,1,2,audio,speech,3.37,7
C:\Speech Emotion Recognition\notebooks\..\data\Raw\Audio_Speech_Actors_01-24\Actor_03\03-01-08-01-02-01-03.wav,03-01-08-01-02-01-03.wav,3,male,8,surprised,normal,2,1,audio,speech,3.203,7
C:\Speech Emotion Recognition\notebooks\..\data\Raw\Audio_Speech_Actors_01-24\Actor_03\03-01-08-01-02-02-03.wav,03-01-08-01-02-02-03.wav,3,male,8,surprised,normal,2,2,audio,speech,3.57,7
C:\Speech Emotion Recognition\notebooks\..\data\Raw\Audio_Speech_Actors_01-24\Actor_03\03-01-08-02-01-01-03.wav,03-01-08-02-01-01-03.wav,3,male,8,surprised,strong,1,1,audio,speech,3.27,7
C:\Speech Emotion Recognition\notebooks\..\data\Raw\Audio_Speech_Actors_01-24\Actor_03\03-01-08-02-01-02-03.wav,03-01-08-02-01-02-03.wav,3,male,8,surprised,strong,1,2,audio,speech,3.604,7
C:\Speech Emotion Recognition\notebooks\..\data\Raw\Audio_Speech_Actors_01-24\Actor_03\03-01-08-02-02-01-03.wav,03-01-08-02-02-01-03.wav,3,male,8,surprised,strong,2,1,audio,speech,3.503,7
C:\Speech Emotion Recognition\notebooks\..\data\Raw\Audio_Speech_Actors_01-24\Actor_03\03-01-08-02-02-02-03.wav,03-01-08-02-02-02-03.wav,3,male,8,surprised,strong,2,2,audio,speech,3.237,7
C:\Speech Emotion Recognition\notebooks\..\data\Raw\Audio_Speech_Actors_01-24\Actor_04\03-01-01-01-01-01-04.wav,03-01-01-01-01-01-04.wav,4,female,1,neutral,normal,1,1,audio,speech,3.303,0
C:\Speech Emotion Recognition\notebooks\..\data\Raw\Audio_Speech_Actors_01-24\Actor_04\03-01-01-01-01-02-04.wav,03-01-01-01-01-02-04.wav,4,female,1,neutral,normal,1,2,audio,speech,3.37,0
C:\Speech Emotion Recognition\notebooks\..\data\Raw\Audio_Speech_Actors_01-24\Actor_04\03-01-01-01-02-01-04.wav,03-01-01-01-02-01-04.wav,4,female,1,neutral,normal,2,1,audio,speech,3.27,0
C:\Speech Emotion Recognition\notebooks\..\data\Raw\Audio_Speech_Actors_01-24\Actor_04\03-01-01-01-02-02-04.wav,03-01-01-01-02-02-04.wav,4,female,1,neutral,normal,2,2,audio,speech,3.237,0
C:\Speech Emotion Recognition\notebooks\..\data\Raw\Audio_Speech_Actors_01-24\Actor_04\03-01-02-01-01-01-04.wav,03-01-02-01-01-01-04.wav,4,female,2,calm,normal,1,1,audio,speech,3.804,1
C:\Speech Emotion Recognition\notebooks\..\data\Raw\Audio_Speech_Actors_01-24\Actor_04\03-01-02-01-01-02-04.wav,03-01-02-01-01-02-04.wav,4,female,2,calm,normal,1,2,audio,speech,3.737,1
C:\Speech Emotion Recognition\notebooks\..\data\Raw\Audio_Speech_Actors_01-24\Actor_04\03-01-02-01-02-01-04.wav,03-01-02-01-02-01-04.wav,4,female,2,calm,normal,2,1,audio,speech,3.637,1
C:\Speech Emotion Recognition\notebooks\..\data\Raw\Audio_Speech_Actors_01-24\Actor_04\03-01-02-01-02-02-04.wav,03-01-02-01-02-02-04.wav,4,female,2,calm,normal,2,2,audio,speech,3.57,1
C:\Speech Emotion Recognition\notebooks\..\data\Raw\Audio_Speech_Actors_01-24\Actor_04\03-01-02-02-01-01-04.wav,03-01-02-02-01-01-04.wav,4,female,2,calm,strong,1,1,audio,speech,3.971,1
C:\Speech Emotion Recognition\notebooks\..\data\Raw\Audio_Speech_Actors_01-24\Actor_04\03-01-02-02-01-02-04.wav,03-01-02-02-01-02-04.wav,4,female,2,calm,strong,1,2,audio,speech,3.804,1
C:\Speech Emotion Recognition\notebooks\..\data\Raw\Audio_Speech_Actors_01-24\Actor_04\03-01-02-02-02-01-04.wav,03-01-02-02-02-01-04.wav,4,female,2,calm,strong,2,1,audio,speech,3.804,1
C:\Speech Emotion Recognition\notebooks\..\data\Raw\Audio_Speech_Actors_01-24\Actor_04\03-01-02-02-02-02-04.wav,03-01-02-02-02-02-04.wav,4,female,2,calm,strong,2,2,audio,speech,4.037,1
C:\Speech Emotion Recognition\notebooks\..\data\Raw\Audio_Speech_Actors_01-24\Actor_04\03-01-03-01-01-01-04.wav,03-01-03-01-01-01-04.wav,4,female,3,happy,normal,1,1,audio,speech,3.503,2
C:\Speech Emotion Recognition\notebooks\..\data\Raw\Audio_Speech_Actors_01-24\Actor_04\03-01-03-01-01-02-04.wav,03-01-03-01-01-02-04.wav,4,female,3,happy,normal,1,2,audio,speech,3.537,2
C:\Speech Emotion Recognition\notebooks\..\data\Raw\Audio_Speech_Actors_01-24\Actor_04\03-01-03-01-02-01-04.wav,03-01-03-01-02-01-04.wav,4,female,3,happy,normal,2,1,audio,speech,3.503,2
C:\Speech Emotion Recognition\notebooks\..\data\Raw\Audio_Speech_Actors_01-24\Actor_04\03-01-03-01-02-02-04.wav,03-01-03-01-02-02-04.wav,4,female,3,happy,normal,2,2,audio,speech,3.437,2
C:\Speech Emotion Recognition\notebooks\..\data\Raw\Audio_Speech_Actors_01-24\Actor_04\03-01-03-02-01-01-04.wav,03-01-03-02-01-01-04.wav,4,female,3,happy,strong,1,1,audio,speech,3.871,2
C:\Speech Emotion Recognition\notebooks\..\data\Raw\Audio_Speech_Actors_01-24\Actor_04\03-01-03-02-01-02-04.wav,03-01-03-02-01-02-04.wav,4,female,3,happy,strong,1,2,audio,speech,3.57,2
C:\Speech Emotion Recognition\notebooks\..\data\Raw\Audio_Speech_Actors_01-24\Actor_04\03-01-03-02-02-01-04.wav,03-01-03-02-02-01-04.wav,4,female,3,happy,strong,2,1,audio,speech,3.604,2
C:\Speech Emotion Recognition\notebooks\..\data\Raw\Audio_Speech_Actors_01-24\Actor_04\03-01-03-02-02-02-04.wav,03-01-03-02-02-02-04.wav,4,female,3,happy,strong,2,2,audio,speech,3.77,2
C:\Speech Emotion Recognition\notebooks\..\data\Raw\Audio_Speech_Actors_01-24\Actor_04\03-01-04-01-01-01-04.wav,03-01-04-01-01-01-04.wav,4,female,4,sad,normal,1,1,audio,speech,3.37,3
C:\Speech Emotion Recognition\notebooks\..\data\Raw\Audio_Speech_Actors_01-24\Actor_04\03-01-04-01-01-02-04.wav,03-01-04-01-01-02-04.wav,4,female,4,sad,normal,1,2,audio,speech,3.403,3
C:\Speech Emotion Recognition\notebooks\..\data\Raw\Audio_Speech_Actors_01-24\Actor_04\03-01-04-01-02-01-04.wav,03-01-04-01-02-01-04.wav,4,female,4,sad,normal,2,1,audio,speech,3.437,3
C:\Speech Emotion Recognition\notebooks\..\data\Raw\Audio_Speech_Actors_01-24\Actor_04\03-01-04-01-02-02-04.wav,03-01-04-01-02-02-04.wav,4,female,4,sad,normal,2,2,audio,speech,3.47,3
C:\Speech Emotion Recognition\notebooks\..\data\Raw\Audio_Speech_Actors_01-24\Actor_04\03-01-04-02-01-01-04.wav,03-01-04-02-01-01-04.wav,4,female,4,sad,strong,1,1,audio,speech,3.67,3
C:\Speech Emotion Recognition\notebooks\..\data\Raw\Audio_Speech_Actors_01-24\Actor_04\03-01-04-02-01-02-04.wav,03-01-04-02-01-02-04.wav,4,female,4,sad,strong,1,2,audio,speech,3.77,3
C:\Speech Emotion Recognition\notebooks\..\data\Raw\Audio_Speech_Actors_01-24\Actor_04\03-01-04-02-02-01-04.wav,03-01-04-02-02-01-04.wav,4,female,4,sad,strong,2,1,audio,speech,3.77,3
C:\Speech Emotion Recognition\notebooks\..\data\Raw\Audio_Speech_Actors_01-24\Actor_04\03-01-04-02-02-02-04.wav,03-01-04-02-02-02-04.wav,4,female,4,sad,strong,2,2,audio,speech,3.77,3
C:\Speech Emotion Recognition\notebooks\..\data\Raw\Audio_Speech_Actors_01-24\Actor_04\03-01-05-01-01-01-04.wav,03-01-05-01-01-01-04.wav,4,female,5,angry,normal,1,1,audio,speech,3.704,4
C:\Speech Emotion Recognition\notebooks\..\data\Raw\Audio_Speech_Actors_01-24\Actor_04\03-01-05-01-01-02-04.wav,03-01-05-01-01-02-04.wav,4,female,5,angry,normal,1,2,audio,speech,3.604,4
C:\Speech Emotion Recognition\notebooks\..\data\Raw\Audio_Speech_Actors_01-24\Actor_04\03-01-05-01-02-01-04.wav,03-01-05-01-02-01-04.wav,4,female,5,angry,normal,2,1,audio,speech,3.47,4
C:\Speech Emotion Recognition\notebooks\..\data\Raw\Audio_Speech_Actors_01-24\Actor_04\03-01-05-01-02-02-04.wav,03-01-05-01-02-02-04.wav,4,female,5,angry,normal,2,2,audio,speech,3.737,4
C:\Speech Emotion Recognition\notebooks\..\data\Raw\Audio_Speech_Actors_01-24\Actor_04\03-01-05-02-01-01-04.wav,03-01-05-02-01-01-04.wav,4,female,5,angry,strong,1,1,audio,speech,3.77,4
C:\Speech Emotion Recognition\notebooks\..\data\Raw\Audio_Speech_Actors_01-24\Actor_04\03-01-05-02-01-02-04.wav,03-01-05-02-01-02-04.wav,4,female,5,angry,strong,1,2,audio,speech,3.871,4
C:\Speech Emotion Recognition\notebooks\..\data\Raw\Audio_Speech_Actors_01-24\Actor_04\03-01-05-02-02-01-04.wav,03-01-05-02-02-01-04.wav,4,female,5,angry,strong,2,1,audio,speech,3.704,4
C:\Speech Emotion Recognition\notebooks\..\data\Raw\Audio_Speech_Actors_01-24\Actor_04\03-01-05-02-02-02-04.wav,03-01-05-02-02-02-04.wav,4,female,5,angry,strong,2,2,audio,speech,3.837,4
C:\Speech Emotion Recognition\notebooks\..\data\Raw\Audio_Speech_Actors_01-24\Actor_04\03-01-06-01-01-01-04.wav,03-01-06-01-01-01-04.wav,4,female,6,fearful,normal,1,1,audio,speech,3.303,5
C:\Speech Emotion Recognition\notebooks\..\data\Raw\Audio_Speech_Actors_01-24\Actor_04\03-01-06-01-01-02-04.wav,03-01-06-01-01-02-04.wav,4,female,6,fearful,normal,1,2,audio,speech,3.237,5
C:\Speech Emotion Recognition\notebooks\..\data\Raw\Audio_Speech_Actors_01-24\Actor_04\03-01-06-01-02-01-04.wav,03-01-06-01-02-01-04.wav,4,female,6,fearful,normal,2,1,audio,speech,3.47,5
C:\Speech Emotion Recognition\notebooks\..\data\Raw\Audio_Speech_Actors_01-24\Actor_04\03-01-06-01-02-02-04.wav,03-01-06-01-02-02-04.wav,4,female,6,fearful,normal,2,2,audio,speech,3.47,5
C:\Speech Emotion Recognition\notebooks\..\data\Raw\Audio_Speech_Actors_01-24\Actor_04\03-01-06-02-01-01-04.wav,03-01-06-02-01-01-04.wav,4,female,6,fearful,strong,1,1,audio,speech,3.937,5
C:\Speech Emotion Recognition\notebooks\..\data\Raw\Audio_Speech_Actors_01-24\Actor_04\03-01-06-02-01-02-04.wav,03-01-06-02-01-02-04.wav,4,female,6,fearful,strong,1,2,audio,speech,3.403,5
C:\Speech Emotion Recognition\notebooks\..\data\Raw\Audio_Speech_Actors_01-24\Actor_04\03-01-06-02-02-01-04.wav,03-01-06-02-02-01-04.wav,4,female,6,fearful,strong,2,1,audio,speech,3.604,5
C:\Speech Emotion Recognition\notebooks\..\data\Raw\Audio_Speech_Actors_01-24\Actor_04\03-01-06-02-02-02-04.wav,03-01-06-02-02-02-04.wav,4,female,6,fearful,strong,2,2,audio,speech,3.57,5
C:\Speech Emotion Recognition\notebooks\..\data\Raw\Audio_Speech_Actors_01-24\Actor_04\03-01-07-01-01-01-04.wav,03-01-07-01-01-01-04.wav,4,female,7,disgust,normal,1,1,audio,speech,3.904,6
C:\Speech Emotion Recognition\notebooks\..\data\Raw\Audio_Speech_Actors_01-24\Actor_04\03-01-07-01-01-02-04.wav,03-01-07-01-01-02-04.wav,4,female,7,disgust,normal,1,2,audio,speech,3.904,6
C:\Speech Emotion Recognition\notebooks\..\data\Raw\Audio_Speech_Actors_01-24\Actor_04\03-01-07-01-02-01-04.wav,03-01-07-01-02-01-04.wav,4,female,7,disgust,normal,2,1,audio,speech,3.77,6
C:\Speech Emotion Recognition\notebooks\..\data\Raw\Audio_Speech_Actors_01-24\Actor_04\03-01-07-01-02-02-04.wav,03-01-07-01-02-02-04.wav,4,female,7,disgust,normal,2,2,audio,speech,3.804,6
C:\Speech Emotion Recognition\notebooks\..\data\Raw\Audio_Speech_Actors_01-24\Actor_04\03-01-07-02-01-01-04.wav,03-01-07-02-01-01-04.wav,4,female,7,disgust,strong,1,1,audio,speech,4.004,6
C:\Speech Emotion Recognition\notebooks\..\data\Raw\Audio_Speech_Actors_01-24\Actor_04\03-01-07-02-01-02-04.wav,03-01-07-02-01-02-04.wav,4,female,7,disgust,strong,1,2,audio,speech,4.037,6
C:\Speech Emotion Recognition\notebooks\..\data\Raw\Audio_Speech_Actors_01-24\Actor_04\03-01-07-02-02-01-04.wav,03-01-07-02-02-01-04.wav,4,female,7,disgust,strong,2,1,audio,speech,3.871,6
C:\Speech Emotion Recognition\notebooks\..\data\Raw\Audio_Speech_Actors_01-24\Actor_04\03-01-07-02-02-02-04.wav,03-01-07-02-02-02-04.wav,4,female,7,disgust,strong,2,2,audio,speech,3.937,6
C:\Speech Emotion Recognition\notebooks\..\data\Raw\Audio_Speech_Actors_01-24\Actor_04\03-01-08-01-01-01-04.wav,03-01-08-01-01-01-04.wav,4,female,8,surprised,normal,1,1,audio,speech,3.237,7
C:\Speech Emotion Recognition\notebooks\..\data\Raw\Audio_Speech_Actors_01-24\Actor_04\03-01-08-01-01-02-04.wav,03-01-08-01-01-02-04.wav,4,female,8,surprised,normal,1,2,audio,speech,3.337,7
C:\Speech Emotion Recognition\notebooks\..\data\Raw\Audio_Speech_Actors_01-24\Actor_04\03-01-08-01-02-01-04.wav,03-01-08-01-02-01-04.wav,4,female,8,surprised,normal,2,1,audio,speech,3.637,7
C:\Speech Emotion Recognition\notebooks\..\data\Raw\Audio_Speech_Actors_01-24\Actor_04\03-01-08-01-02-02-04.wav,03-01-08-01-02-02-04.wav,4,female,8,surprised,normal,2,2,audio,speech,3.437,7
C:\Speech Emotion Recognition\notebooks\..\data\Raw\Audio_Speech_Actors_01-24\Actor_04\03-01-08-02-01-01-04.wav,03-01-08-02-01-01-04.wav,4,female,8,surprised,strong,1,1,audio,speech,3.67,7
C:\Speech Emotion Recognition\notebooks\..\data\Raw\Audio_Speech_Actors_01-24\Actor_04\03-01-08-02-01-02-04.wav,03-01-08-02-01-02-04.wav,4,female,8,surprised,strong,1,2,audio,speech,3.57,7
C:\Speech Emotion Recognition\notebooks\..\data\Raw\Audio_Speech_Actors_01-24\Actor_04\03-01-08-02-02-01-04.wav,03-01-08-02-02-01-04.wav,4,female,8,surprised,strong,2,1,audio,speech,3.47,7
C:\Speech Emotion Recognition\notebooks\..\data\Raw\Audio_Speech_Actors_01-24\Actor_04\03-01-08-02-02-02-04.wav,03-01-08-02-02-02-04.wav,4,female,8,surprised,strong,2,2,audio,speech,3.537,7
C:\Speech Emotion Recognition\notebooks\..\data\Raw\Audio_Speech_Actors_01-24\Actor_05\03-01-01-01-01-01-05.wav,03-01-01-01-01-01-05.wav,5,male,1,neutral,normal,1,1,audio,speech,3.604,0
C:\Speech Emotion Recognition\notebooks\..\data\Raw\Audio_Speech_Actors_01-24\Actor_05\03-01-01-01-01-02-05.wav,03-01-01-01-01-02-05.wav,5,male,1,neutral,normal,1,2,audio,speech,3.637,0
C:\Speech Emotion Recognition\notebooks\..\data\Raw\Audio_Speech_Actors_01-24\Actor_05\03-01-01-01-02-01-05.wav,03-01-01-01-02-01-05.wav,5,male,1,neutral,normal,2,1,audio,speech,3.103,0
C:\Speech Emotion Recognition\notebooks\..\data\Raw\Audio_Speech_Actors_01-24\Actor_05\03-01-01-01-02-02-05.wav,03-01-01-01-02-02-05.wav,5,male,1,neutral,normal,2,2,audio,speech,3.604,0
C:\Speech Emotion Recognition\notebooks\..\data\Raw\Audio_Speech_Actors_01-24\Actor_05\03-01-02-01-01-01-05.wav,03-01-02-01-01-01-05.wav,5,male,2,calm,normal,1,1,audio,speech,4.037,1
C:\Speech Emotion Recognition\notebooks\..\data\Raw\Audio_Speech_Actors_01-24\Actor_05\03-01-02-01-01-02-05.wav,03-01-02-01-01-02-05.wav,5,male,2,calm,normal,1,2,audio,speech,4.104,1
C:\Speech Emotion Recognition\notebooks\..\data\Raw\Audio_Speech_Actors_01-24\Actor_05\03-01-02-01-02-01-05.wav,03-01-02-01-02-01-05.wav,5,male,2,calm,normal,2,1,audio,speech,4.137,1
C:\Speech Emotion Recognition\notebooks\..\data\Raw\Audio_Speech_Actors_01-24\Actor_05\03-01-02-01-02-02-05.wav,03-01-02-01-02-02-05.wav,5,male,2,calm,normal,2,2,audio,speech,4.238,1
C:\Speech Emotion Recognition\notebooks\..\data\Raw\Audio_Speech_Actors_01-24\Actor_05\03-01-02-02-01-01-05.wav,03-01-02-02-01-01-05.wav,5,male,2,calm,strong,1,1,audio,speech,4.738,1
C:\Speech Emotion Recognition\notebooks\..\data\Raw\Audio_Speech_Actors_01-24\Actor_05\03-01-02-02-01-02-05.wav,03-01-02-02-01-02-05.wav,5,male,2,calm,strong,1,2,audio,speech,4.505,1
C:\Speech Emotion Recognition\notebooks\..\data\Raw\Audio_Speech_Actors_01-24\Actor_05\03-01-02-02-02-01-05.wav,03-01-02-02-02-01-05.wav,5,male,2,calm,strong,2,1,audio,speech,4.771,1
C:\Speech Emotion Recognition\notebooks\..\data\Raw\Audio_Speech_Actors_01-24\Actor_05\03-01-02-02-02-02-05.wav,03-01-02-02-02-02-05.wav,5,male,2,calm,strong,2,2,audio,speech,4.304,1
C:\Speech Emotion Recognition\notebooks\..\data\Raw\Audio_Speech_Actors_01-24\Actor_05\03-01-03-01-01-01-05.wav,03-01-03-01-01-01-05.wav,5,male,3,happy,normal,1,1,audio,speech,4.004,2
C:\Speech Emotion Recognition\notebooks\..\data\Raw\Audio_Speech_Actors_01-24\Actor_05\03-01-03-01-01-02-05.wav,03-01-03-01-01-02-05.wav,5,male,3,happy,normal,1,2,audio,speech,3.237,2
C:\Speech Emotion Recognition\notebooks\..\data\Raw\Audio_Speech_Actors_01-24\Actor_05\03-01-03-01-02-01-05.wav,03-01-03-01-02-01-05.wav,5,male,3,happy,normal,2,1,audio,speech,3.37,2
C:\Speech Emotion Recognition\notebooks\..\data\Raw\Audio_Speech_Actors_01-24\Actor_05\03-01-03-01-02-02-05.wav,03-01-03-01-02-02-05.wav,5,male,3,happy,normal,2,2,audio,speech,3.77,2
C:\Speech Emotion Recognition\notebooks\..\data\Raw\Audio_Speech_Actors_01-24\Actor_05\03-01-03-02-01-01-05.wav,03-01-03-02-01-01-05.wav,5,male,3,happy,strong,1,1,audio,speech,4.137,2
C:\Speech Emotion Recognition\notebooks\..\data\Raw\Audio_Speech_Actors_01-24\Actor_05\03-01-03-02-01-02-05.wav,03-01-03-02-01-02-05.wav,5,male,3,happy,strong,1,2,audio,speech,3.871,2
C:\Speech Emotion Recognition\notebooks\..\data\Raw\Audio_Speech_Actors_01-24\Actor_05\03-01-03-02-02-01-05.wav,03-01-03-02-02-01-05.wav,5,male,3,happy,strong,2,1,audio,speech,3.604,2
C:\Speech Emotion Recognition\notebooks\..\data\Raw\Audio_Speech_Actors_01-24\Actor_05\03-01-03-02-02-02-05.wav,03-01-03-02-02-02-05.wav,5,male,3,happy,strong,2,2,audio,speech,3.403,2
C:\Speech Emotion Recognition\notebooks\..\data\Raw\Audio_Speech_Actors_01-24\Actor_05\03-01-04-01-01-01-05.wav,03-01-04-01-01-01-05.wav,5,male,4,sad,normal,1,1,audio,speech,3.27,3
C:\Speech Emotion Recognition\notebooks\..\data\Raw\Audio_Speech_Actors_01-24\Actor_05\03-01-04-01-01-02-05.wav,03-01-04-01-01-02-05.wav,5,male,4,sad,normal,1,2,audio,speech,3.637,3
C:\Speech Emotion Recognition\notebooks\..\data\Raw\Audio_Speech_Actors_01-24\Actor_05\03-01-04-01-02-01-05.wav,03-01-04-01-02-01-05.wav,5,male,4,sad,normal,2,1,audio,speech,3.103,3
C:\Speech Emotion Recognition\notebooks\..\data\Raw\Audio_Speech_Actors_01-24\Actor_05\03-01-04-01-02-02-05.wav,03-01-04-01-02-02-05.wav,5,male,4,sad,normal,2,2,audio,speech,3.704,3
C:\Speech Emotion Recognition\notebooks\..\data\Raw\Audio_Speech_Actors_01-24\Actor_05\03-01-04-02-01-01-05.wav,03-01-04-02-01-01-05.wav,5,male,4,sad,strong,1,1,audio,speech,3.537,3
C:\Speech Emotion Recognition\notebooks\..\data\Raw\Audio_Speech_Actors_01-24\Actor_05\03-01-04-02-01-02-05.wav,03-01-04-02-01-02-05.wav,5,male,4,sad,strong,1,2,audio,speech,3.27,3
C:\Speech Emotion Recognition\notebooks\..\data\Raw\Audio_Speech_Actors_01-24\Actor_05\03-01-04-02-02-01-05.wav,03-01-04-02-02-01-05.wav,5,male,4,sad,strong,2,1,audio,speech,3.27,3
C:\Speech Emotion Recognition\notebooks\..\data\Raw\Audio_Speech_Actors_01-24\Actor_05\03-01-04-02-02-02-05.wav,03-01-04-02-02-02-05.wav,5,male,4,sad,strong,2,2,audio,speech,3.136,3
C:\Speech Emotion Recognition\notebooks\..\data\Raw\Audio_Speech_Actors_01-24\Actor_05\03-01-05-01-01-01-05.wav,03-01-05-01-01-01-05.wav,5,male,5,angry,normal,1,1,audio,speech,3.871,4
C:\Speech Emotion Recognition\notebooks\..\data\Raw\Audio_Speech_Actors_01-24\Actor_05\03-01-05-01-01-02-05.wav,03-01-05-01-01-02-05.wav,5,male,5,angry,normal,1,2,audio,speech,3.804,4
C:\Speech Emotion Recognition\notebooks\..\data\Raw\Audio_Speech_Actors_01-24\Actor_05\03-01-05-01-02-01-05.wav,03-01-05-01-02-01-05.wav,5,male,5,angry,normal,2,1,audio,speech,4.071,4
C:\Speech Emotion Recognition\notebooks\..\data\Raw\Audio_Speech_Actors_01-24\Actor_05\03-01-05-01-02-02-05.wav,03-01-05-01-02-02-05.wav,5,male,5,angry,normal,2,2,audio,speech,4.404,4
C:\Speech Emotion Recognition\notebooks\..\data\Raw\Audio_Speech_Actors_01-24\Actor_05\03-01-05-02-01-01-05.wav,03-01-05-02-01-01-05.wav,5,male,5,angry,strong,1,1,audio,speech,3.403,4
C:\Speech Emotion Recognition\notebooks\..\data\Raw\Audio_Speech_Actors_01-24\Actor_05\03-01-05-02-01-02-05.wav,03-01-05-02-01-02-05.wav,5,male,5,angry,strong,1,2,audio,speech,3.57,4
C:\Speech Emotion Recognition\notebooks\..\data\Raw\Audio_Speech_Actors_01-24\Actor_05\03-01-05-02-02-01-05.wav,03-01-05-02-02-01-05.wav,5,male,5,angry,strong,2,1,audio,speech,3.637,4
C:\Speech Emotion Recognition\notebooks\..\data\Raw\Audio_Speech_Actors_01-24\Actor_05\03-01-05-02-02-02-05.wav,03-01-05-02-02-02-05.wav,5,male,5,angry,strong,2,2,audio,speech,3.637,4
C:\Speech Emotion Recognition\notebooks\..\data\Raw\Audio_Speech_Actors_01-24\Actor_05\03-01-06-01-01-01-05.wav,03-01-06-01-01-01-05.wav,5,male,6,fearful,normal,1,1,audio,speech,3.136,5
C:\Speech Emotion Recognition\notebooks\..\data\Raw\Audio_Speech_Actors_01-24\Actor_05\03-01-06-01-01-02-05.wav,03-01-06-01-01-02-05.wav,5,male,6,fearful,normal,1,2,audio,speech,3.37,5
C:\Speech Emotion Recognition\notebooks\..\data\Raw\Audio_Speech_Actors_01-24\Actor_05\03-01-06-01-02-01-05.wav,03-01-06-01-02-01-05.wav,5,male,6,fearful,normal,2,1,audio,speech,3.136,5
C:\Speech Emotion Recognition\notebooks\..\data\Raw\Audio_Speech_Actors_01-24\Actor_05\03-01-06-01-02-02-05.wav,03-01-06-01-02-02-05.wav,5,male,6,fearful,normal,2,2,audio,speech,3.07,5
C:\Speech Emotion Recognition\notebooks\..\data\Raw\Audio_Speech_Actors_01-24\Actor_05\03-01-06-02-01-01-05.wav,03-01-06-02-01-01-05.wav,5,male,6,fearful,strong,1,1,audio,speech,3.237,5
C:\Speech Emotion Recognition\notebooks\..\data\Raw\Audio_Speech_Actors_01-24\Actor_05\03-01-06-02-01-02-05.wav,03-01-06-02-01-02-05.wav,5,male,6,fearful,strong,1,2,audio,speech,3.57,5
C:\Speech Emotion Recognition\notebooks\..\data\Raw\Audio_Speech_Actors_01-24\Actor_05\03-01-06-02-02-01-05.wav,03-01-06-02-02-01-05.wav,5,male,6,fearful,strong,2,1,audio,speech,3.237,5
C:\Speech Emotion Recognition\notebooks\..\data\Raw\Audio_Speech_Actors_01-24\Actor_05\03-01-06-02-02-02-05.wav,03-01-06-02-02-02-05.wav,5,male,6,fearful,strong,2,2,audio,speech,3.103,5
C:\Speech Emotion Recognition\notebooks\..\data\Raw\Audio_Speech_Actors_01-24\Actor_05\03-01-07-01-01-01-05.wav,03-01-07-01-01-01-05.wav,5,male,7,disgust,normal,1,1,audio,speech,4.338,6
C:\Speech Emotion Recognition\notebooks\..\data\Raw\Audio_Speech_Actors_01-24\Actor_05\03-01-07-01-01-02-05.wav,03-01-07-01-01-02-05.wav,5,male,7,disgust,normal,1,2,audio,speech,4.104,6
C:\Speech Emotion Recognition\notebooks\..\data\Raw\Audio_Speech_Actors_01-24\Actor_05\03-01-07-01-02-01-05.wav,03-01-07-01-02-01-05.wav,5,male,7,disgust,normal,2,1,audio,speech,3.904,6
C:\Speech Emotion Recognition\notebooks\..\data\Raw\Audio_Speech_Actors_01-24\Actor_05\03-01-07-01-02-02-05.wav,03-01-07-01-02-02-05.wav,5,male,7,disgust,normal,2,2,audio,speech,3.737,6
C:\Speech Emotion Recognition\notebooks\..\data\Raw\Audio_Speech_Actors_01-24\Actor_05\03-01-07-02-01-01-05.wav,03-01-07-02-01-01-05.wav,5,male,7,disgust,strong,1,1,audio,speech,4.338,6
C:\Speech Emotion Recognition\notebooks\..\data\Raw\Audio_Speech_Actors_01-24\Actor_05\03-01-07-02-01-02-05.wav,03-01-07-02-01-02-05.wav,5,male,7,disgust,strong,1,2,audio,speech,3.904,6
C:\Speech Emotion Recognition\notebooks\..\data\Raw\Audio_Speech_Actors_01-24\Actor_05\03-01-07-02-02-01-05.wav,03-01-07-02-02-01-05.wav,5,male,7,disgust,strong,2,1,audio,speech,4.271,6
C:\Speech Emotion Recognition\notebooks\..\data\Raw\Audio_Speech_Actors_01-24\Actor_05\03-01-07-02-02-02-05.wav,03-01-07-02-02-02-05.wav,5,male,7,disgust,strong,2,2,audio,speech,4.538,6
C:\Speech Emotion Recognition\notebooks\..\data\Raw\Audio_Speech_Actors_01-24\Actor_05\03-01-08-01-01-01-05.wav,03-01-08-01-01-01-05.wav,5,male,8,surprised,normal,1,1,audio,speech,3.737,7
C:\Speech Emotion Recognition\notebooks\..\data\Raw\Audio_Speech_Actors_01-24\Actor_05\03-01-08-01-01-02-05.wav,03-01-08-01-01-02-05.wav,5,male,8,surprised,normal,1,2,audio,speech,3.67,7
C:\Speech Emotion Recognition\notebooks\..\data\Raw\Audio_Speech_Actors_01-24\Actor_05\03-01-08-01-02-01-05.wav,03-01-08-01-02-01-05.wav,5,male,8,surprised,normal,2,1,audio,speech,3.07,7
C:\Speech Emotion Recognition\notebooks\..\data\Raw\Audio_Speech_Actors_01-24\Actor_05\03-01-08-01-02-02-05.wav,03-01-08-01-02-02-05.wav,5,male,8,surprised,normal,2,2,audio,speech,3.704,7
C:\Speech Emotion Recognition\notebooks\..\data\Raw\Audio_Speech_Actors_01-24\Actor_05\03-01-08-02-01-01-05.wav,03-01-08-02-01-01-05.wav,5,male,8,surprised,strong,1,1,audio,speech,4.137,7
C:\Speech Emotion Recognition\notebooks\..\data\Raw\Audio_Speech_Actors_01-24\Actor_05\03-01-08-02-01-02-05.wav,03-01-08-02-01-02-05.wav,5,male,8,surprised,strong,1,2,audio,speech,4.104,7
C:\Speech Emotion Recognition\notebooks\..\data\Raw\Audio_Speech_Actors_01-24\Actor_05\03-01-08-02-02-01-05.wav,03-01-08-02-02-01-05.wav,5,male,8,surprised,strong,2,1,audio,speech,3.67,7
C:\Speech Emotion Recognition\notebooks\..\data\Raw\Audio_Speech_Actors_01-24\Actor_05\03-01-08-02-02-02-05.wav,03-01-08-02-02-02-05.wav,5,male,8,surprised,strong,2,2,audio,speech,3.537,7
C:\Speech Emotion Recognition\notebooks\..\data\Raw\Audio_Speech_Actors_01-24\Actor_06\03-01-01-01-01-01-06.wav,03-01-01-01-01-01-06.wav,6,female,1,neutral,normal,1,1,audio,speech,3.337,0
C:\Speech Emotion Recognition\notebooks\..\data\Raw\Audio_Speech_Actors_01-24\Actor_06\03-01-01-01-01-02-06.wav,03-01-01-01-01-02-06.wav,6,female,1,neutral,normal,1,2,audio,speech,3.604,0
C:\Speech Emotion Recognition\notebooks\..\data\Raw\Audio_Speech_Actors_01-24\Actor_06\03-01-01-01-02-01-06.wav,03-01-01-01-02-01-06.wav,6,female,1,neutral,normal,2,1,audio,speech,3.403,0
C:\Speech Emotion Recognition\notebooks\..\data\Raw\Audio_Speech_Actors_01-24\Actor_06\03-01-01-01-02-02-06.wav,03-01-01-01-02-02-06.wav,6,female,1,neutral,normal,2,2,audio,speech,3.437,0
C:\Speech Emotion Recognition\notebooks\..\data\Raw\Audio_Speech_Actors_01-24\Actor_06\03-01-02-01-01-01-06.wav,03-01-02-01-01-01-06.wav,6,female,2,calm,normal,1,1,audio,speech,4.037,1
C:\Speech Emotion Recognition\notebooks\..\data\Raw\Audio_Speech_Actors_01-24\Actor_06\03-01-02-01-01-02-06.wav,03-01-02-01-01-02-06.wav,6,female,2,calm,normal,1,2,audio,speech,4.104,1
C:\Speech Emotion Recognition\notebooks\..\data\Raw\Audio_Speech_Actors_01-24\Actor_06\03-01-02-01-02-01-06.wav,03-01-02-01-02-01-06.wav,6,female,2,calm,normal,2,1,audio,speech,3.971,1
C:\Speech Emotion Recognition\notebooks\..\data\Raw\Audio_Speech_Actors_01-24\Actor_06\03-01-02-01-02-02-06.wav,03-01-02-01-02-02-06.wav,6,female,2,calm,normal,2,2,audio,speech,4.204,1
C:\Speech Emotion Recognition\notebooks\..\data\Raw\Audio_Speech_Actors_01-24\Actor_06\03-01-02-02-01-01-06.wav,03-01-02-02-01-01-06.wav,6,female,2,calm,strong,1,1,audio,speech,4.505,1
C:\Speech Emotion Recognition\notebooks\..\data\Raw\Audio_Speech_Actors_01-24\Actor_06\03-01-02-02-01-02-06.wav,03-01-02-02-01-02-06.wav,6,female,2,calm,strong,1,2,audio,speech,4.638,1
C:\Speech Emotion Recognition\notebooks\..\data\Raw\Audio_Speech_Actors_01-24\Actor_06\03-01-02-02-02-01-06.wav,03-01-02-02-02-01-06.wav,6,female,2,calm,strong,2,1,audio,speech,4.338,1
C:\Speech Emotion Recognition\notebooks\..\data\Raw\Audio_Speech_Actors_01-24\Actor_06\03-01-02-02-02-02-06.wav,03-01-02-02-02-02-06.wav,6,female,2,calm,strong,2,2,audio,speech,4.771,1
C:\Speech Emotion Recognition\notebooks\..\data\Raw\Audio_Speech_Actors_01-24\Actor_06\03-01-03-01-01-01-06.wav,03-01-03-01-01-01-06.wav,6,female,3,happy,normal,1,1,audio,speech,3.537,2
C:\Speech Emotion Recognition\notebooks\..\data\Raw\Audio_Speech_Actors_01-24\Actor_06\03-01-03-01-01-02-06.wav,03-01-03-01-01-02-06.wav,6,female,3,happy,normal,1,2,audio,speech,3.604,2
C:\Speech Emotion Recognition\notebooks\..\data\Raw\Audio_Speech_Actors_01-24\Actor_06\03-01-03-01-02-01-06.wav,03-01-03-01-02-01-06.wav,6,female,3,happy,normal,2,1,audio,speech,3.47,2
C:\Speech Emotion Recognition\notebooks\..\data\Raw\Audio_Speech_Actors_01-24\Actor_06\03-01-03-01-02-02-06.wav,03-01-03-01-02-02-06.wav,6,female,3,happy,normal,2,2,audio,speech,3.437,2
C:\Speech Emotion Recognition\notebooks\..\data\Raw\Audio_Speech_Actors_01-24\Actor_06\03-01-03-02-01-01-06.wav,03-01-03-02-01-01-06.wav,6,female,3,happy,strong,1,1,audio,speech,3.503,2
C:\Speech Emotion Recognition\notebooks\..\data\Raw\Audio_Speech_Actors_01-24\Actor_06\03-01-03-02-01-02-06.wav,03-01-03-02-01-02-06.wav,6,female,3,happy,strong,1,2,audio,speech,3.47,2
C:\Speech Emotion Recognition\notebooks\..\data\Raw\Audio_Speech_Actors_01-24\Actor_06\03-01-03-02-02-01-06.wav,03-01-03-02-02-01-06.wav,6,female,3,happy,strong,2,1,audio,speech,3.57,2
C:\Speech Emotion Recognition\notebooks\..\data\Raw\Audio_Speech_Actors_01-24\Actor_06\03-01-03-02-02-02-06.wav,03-01-03-02-02-02-06.wav,6,female,3,happy,strong,2,2,audio,speech,3.604,2
C:\Speech Emotion Recognition\notebooks\..\data\Raw\Audio_Speech_Actors_01-24\Actor_06\03-01-04-01-01-01-06.wav,03-01-04-01-01-01-06.wav,6,female,4,sad,normal,1,1,audio,speech,3.57,3
C:\Speech Emotion Recognition\notebooks\..\data\Raw\Audio_Speech_Actors_01-24\Actor_06\03-01-04-01-01-02-06.wav,03-01-04-01-01-02-06.wav,6,female,4,sad,normal,1,2,audio,speech,3.604,3
C:\Speech Emotion Recognition\notebooks\..\data\Raw\Audio_Speech_Actors_01-24\Actor_06\03-01-04-01-02-01-06.wav,03-01-04-01-02-01-06.wav,6,female,4,sad,normal,2,1,audio,speech,3.47,3
C:\Speech Emotion Recognition\notebooks\..\data\Raw\Audio_Speech_Actors_01-24\Actor_06\03-01-04-01-02-02-06.wav,03-01-04-01-02-02-06.wav,6,female,4,sad,normal,2,2,audio,speech,3.437,3
C:\Speech Emotion Recognition\notebooks\..\data\Raw\Audio_Speech_Actors_01-24\Actor_06\03-01-04-02-01-01-06.wav,03-01-04-02-01-01-06.wav,6,female,4,sad,strong,1,1,audio,speech,4.204,3
C:\Speech Emotion Recognition\notebooks\..\data\Raw\Audio_Speech_Actors_01-24\Actor_06\03-01-04-02-01-02-06.wav,03-01-04-02-01-02-06.wav,6,female,4,sad,strong,1,2,audio,speech,4.104,3
C:\Speech Emotion Recognition\notebooks\..\data\Raw\Audio_Speech_Actors_01-24\Actor_06\03-01-04-02-02-01-06.wav,03-01-04-02-02-01-06.wav,6,female,4,sad,strong,2,1,audio,speech,4.605,3
C:\Speech Emotion Recognition\notebooks\..\data\Raw\Audio_Speech_Actors_01-24\Actor_06\03-01-04-02-02-02-06.wav,03-01-04-02-02-02-06.wav,6,female,4,sad,strong,2,2,audio,speech,4.037,3
C:\Speech Emotion Recognition\notebooks\..\data\Raw\Audio_Speech_Actors_01-24\Actor_06\03-01-05-01-01-01-06.wav,03-01-05-01-01-01-06.wav,6,female,5,angry,normal,1,1,audio,speech,3.77,4
C:\Speech Emotion Recognition\notebooks\..\data\Raw\Audio_Speech_Actors_01-24\Actor_06\03-01-05-01-01-02-06.wav,03-01-05-01-01-02-06.wav,6,female,5,angry,normal,1,2,audio,speech,3.971,4
C:\Speech Emotion Recognition\notebooks\..\data\Raw\Audio_Speech_Actors_01-24\Actor_06\03-01-05-01-02-01-06.wav,03-01-05-01-02-01-06.wav,6,female,5,angry,normal,2,1,audio,speech,4.204,4
C:\Speech Emotion Recognition\notebooks\..\data\Raw\Audio_Speech_Actors_01-24\Actor_06\03-01-05-01-02-02-06.wav,03-01-05-01-02-02-06.wav,6,female,5,angry,normal,2,2,audio,speech,3.904,4
C:\Speech Emotion Recognition\notebooks\..\data\Raw\Audio_Speech_Actors_01-24\Actor_06\03-01-05-02-01-01-06.wav,03-01-05-02-01-01-06.wav,6,female,5,angry,strong,1,1,audio,speech,4.104,4
C:\Speech Emotion Recognition\notebooks\..\data\Raw\Audio_Speech_Actors_01-24\Actor_06\03-01-05-02-01-02-06.wav,03-01-05-02-01-02-06.wav,6,female,5,angry,strong,1,2,audio,speech,4.204,4
C:\Speech Emotion Recognition\notebooks\..\data\Raw\Audio_Speech_Actors_01-24\Actor_06\03-01-05-02-02-01-06.wav,03-01-05-02-02-01-06.wav,6,female,5,angry,strong,2,1,audio,speech,4.438,4
C:\Speech Emotion Recognition\notebooks\..\data\Raw\Audio_Speech_Actors_01-24\Actor_06\03-01-05-02-02-02-06.wav,03-01-05-02-02-02-06.wav,6,female,5,angry,strong,2,2,audio,speech,4.471,4
C:\Speech Emotion Recognition\notebooks\..\data\Raw\Audio_Speech_Actors_01-24\Actor_06\03-01-06-01-01-01-06.wav,03-01-06-01-01-01-06.wav,6,female,6,fearful,normal,1,1,audio,speech,3.637,5
C:\Speech Emotion Recognition\notebooks\..\data\Raw\Audio_Speech_Actors_01-24\Actor_06\03-01-06-01-01-02-06.wav,03-01-06-01-01-02-06.wav,6,female,6,fearful,normal,1,2,audio,speech,3.437,5
C:\Speech Emotion Recognition\notebooks\..\data\Raw\Audio_Speech_Actors_01-24\Actor_06\03-01-06-01-02-01-06.wav,03-01-06-01-02-01-06.wav,6,female,6,fearful,normal,2,1,audio,speech,3.57,5
C:\Speech Emotion Recognition\notebooks\..\data\Raw\Audio_Speech_Actors_01-24\Actor_06\03-01-06-01-02-02-06.wav,03-01-06-01-02-02-06.wav,6,female,6,fearful,normal,2,2,audio,speech,3.503,5
C:\Speech Emotion Recognition\notebooks\..\data\Raw\Audio_Speech_Actors_01-24\Actor_06\03-01-06-02-01-01-06.wav,03-01-06-02-01-01-06.wav,6,female,6,fearful,strong,1,1,audio,speech,3.637,5
C:\Speech Emotion Recognition\notebooks\..\data\Raw\Audio_Speech_Actors_01-24\Actor_06\03-01-06-02-01-02-06.wav,03-01-06-02-01-02-06.wav,6,female,6,fearful,strong,1,2,audio,speech,3.604,5
C:\Speech Emotion Recognition\notebooks\..\data\Raw\Audio_Speech_Actors_01-24\Actor_06\03-01-06-02-02-01-06.wav,03-01-06-02-02-01-06.wav,6,female,6,fearful,strong,2,1,audio,speech,3.737,5
C:\Speech Emotion Recognition\notebooks\..\data\Raw\Audio_Speech_Actors_01-24\Actor_06\03-01-06-02-02-02-06.wav,03-01-06-02-02-02-06.wav,6,female,6,fearful,strong,2,2,audio,speech,3.737,5
C:\Speech Emotion Recognition\notebooks\..\data\Raw\Audio_Speech_Actors_01-24\Actor_06\03-01-07-01-01-01-06.wav,03-01-07-01-01-01-06.wav,6,female,7,disgust,normal,1,1,audio,speech,3.503,6
C:\Speech Emotion Recognition\notebooks\..\data\Raw\Audio_Speech_Actors_01-24\Actor_06\03-01-07-01-01-02-06.wav,03-01-07-01-01-02-06.wav,6,female,7,disgust,normal,1,2,audio,speech,4.271,6
C:\Speech Emotion Recognition\notebooks\..\data\Raw\Audio_Speech_Actors_01-24\Actor_06\03-01-07-01-02-01-06.wav,03-01-07-01-02-01-06.wav,6,female,7,disgust,normal,2,1,audio,speech,3.737,6
C:\Speech Emotion Recognition\notebooks\..\data\Raw\Audio_Speech_Actors_01-24\Actor_06\03-01-07-01-02-02-06.wav,03-01-07-01-02-02-06.wav,6,female,7,disgust,normal,2,2,audio,speech,3.937,6
C:\Speech Emotion Recognition\notebooks\..\data\Raw\Audio_Speech_Actors_01-24\Actor_06\03-01-07-02-01-01-06.wav,03-01-07-02-01-01-06.wav,6,female,7,disgust,strong,1,1,audio,speech,4.304,6
C:\Speech Emotion Recognition\notebooks\..\data\Raw\Audio_Speech_Actors_01-24\Actor_06\03-01-07-02-01-02-06.wav,03-01-07-02-01-02-06.wav,6,female,7,disgust,strong,1,2,audio,speech,3.937,6
C:\Speech Emotion Recognition\notebooks\..\data\Raw\Audio_Speech_Actors_01-24\Actor_06\03-01-07-02-02-01-06.wav,03-01-07-02-02-01-06.wav,6,female,7,disgust,strong,2,1,audio,speech,4.037,6
C:\Speech Emotion Recognition\notebooks\..\data\Raw\Audio_Speech_Actors_01-24\Actor_06\03-01-07-02-02-02-06.wav,03-01-07-02-02-02-06.wav,6,female,7,disgust,strong,2,2,audio,speech,3.971,6
C:\Speech Emotion Recognition\notebooks\..\data\Raw\Audio_Speech_Actors_01-24\Actor_06\03-01-08-01-01-01-06.wav,03-01-08-01-01-01-06.wav,6,female,8,surprised,normal,1,1,audio,speech,3.237,7
C:\Speech Emotion Recognition\notebooks\..\data\Raw\Audio_Speech_Actors_01-24\Actor_06\03-01-08-01-01-02-06.wav,03-01-08-01-01-02-06.wav,6,female,8,surprised,normal,1,2,audio,speech,3.237,7
C:\Speech Emotion Recognition\notebooks\..\data\Raw\Audio_Speech_Actors_01-24\Actor_06\03-01-08-01-02-01-06.wav,03-01-08-01-02-01-06.wav,6,female,8,surprised,normal,2,1,audio,speech,3.203,7
C:\Speech Emotion Recognition\notebooks\..\data\Raw\Audio_Speech_Actors_01-24\Actor_06\03-01-08-01-02-02-06.wav,03-01-08-01-02-02-06.wav,6,female,8,surprised,normal,2,2,audio,speech,3.136,7
C:\Speech Emotion Recognition\notebooks\..\data\Raw\Audio_Speech_Actors_01-24\Actor_06\03-01-08-02-01-01-06.wav,03-01-08-02-01-01-06.wav,6,female,8,surprised,strong,1,1,audio,speech,3.237,7
C:\Speech Emotion Recognition\notebooks\..\data\Raw\Audio_Speech_Actors_01-24\Actor_06\03-01-08-02-01-02-06.wav,03-01-08-02-01-02-06.wav,6,female,8,surprised,strong,1,2,audio,speech,3.37,7
C:\Speech Emotion Recognition\notebooks\..\data\Raw\Audio_Speech_Actors_01-24\Actor_06\03-01-08-02-02-01-06.wav,03-01-08-02-02-01-06.wav,6,female,8,surprised,strong,2,1,audio,speech,3.303,7
C:\Speech Emotion Recognition\notebooks\..\data\Raw\Audio_Speech_Actors_01-24\Actor_06\03-01-08-02-02-02-06.wav,03-01-08-02-02-02-06.wav,6,female,8,surprised,strong,2,2,audio,speech,3.203,7
C:\Speech Emotion Recognition\notebooks\..\data\Raw\Audio_Speech_Actors_01-24\Actor_07\03-01-01-01-01-01-07.wav,03-01-01-01-01-01-07.wav,7,male,1,neutral,normal,1,1,audio,speech,3.904,0
C:\Speech Emotion Recognition\notebooks\..\data\Raw\Audio_Speech_Actors_01-24\Actor_07\03-01-01-01-01-02-07.wav,03-01-01-01-01-02-07.wav,7,male,1,neutral,normal,1,2,audio,speech,3.804,0
C:\Speech Emotion Recognition\notebooks\..\data\Raw\Audio_Speech_Actors_01-24\Actor_07\03-01-01-01-02-01-07.wav,03-01-01-01-02-01-07.wav,7,male,1,neutral,normal,2,1,audio,speech,4.137,0
C:\Speech Emotion Recognition\notebooks\..\data\Raw\Audio_Speech_Actors_01-24\Actor_07\03-01-01-01-02-02-07.wav,03-01-01-01-02-02-07.wav,7,male,1,neutral,normal,2,2,audio,speech,3.737,0
C:\Speech Emotion Recognition\notebooks\..\data\Raw\Audio_Speech_Actors_01-24\Actor_07\03-01-02-01-01-01-07.wav,03-01-02-01-01-01-07.wav,7,male,2,calm,normal,1,1,audio,speech,3.47,1
C:\Speech Emotion Recognition\notebooks\..\data\Raw\Audio_Speech_Actors_01-24\Actor_07\03-01-02-01-01-02-07.wav,03-01-02-01-01-02-07.wav,7,male,2,calm,normal,1,2,audio,speech,3.737,1
C:\Speech Emotion Recognition\notebooks\..\data\Raw\Audio_Speech_Actors_01-24\Actor_07\03-01-02-01-02-01-07.wav,03-01-02-01-02-01-07.wav,7,male,2,calm,normal,2,1,audio,speech,3.503,1
C:\Speech Emotion Recognition\notebooks\..\data\Raw\Audio_Speech_Actors_01-24\Actor_07\03-01-02-01-02-02-07.wav,03-01-02-01-02-02-07.wav,7,male,2,calm,normal,2,2,audio,speech,3.537,1
C:\Speech Emotion Recognition\notebooks\..\data\Raw\Audio_Speech_Actors_01-24\Actor_07\03-01-02-02-01-01-07.wav,03-01-02-02-01-01-07.wav,7,male,2,calm,strong,1,1,audio,speech,4.004,1
C:\Speech Emotion Recognition\notebooks\..\data\Raw\Audio_Speech_Actors_01-24\Actor_07\03-01-02-02-01-02-07.wav,03-01-02-02-01-02-07.wav,7,male,2,calm,strong,1,2,audio,speech,3.871,1
C:\Speech Emotion Recognition\notebooks\..\data\Raw\Audio_Speech_Actors_01-24\Actor_07\03-01-02-02-02-01-07.wav,03-01-02-02-02-01-07.wav,7,male,2,calm,strong,2,1,audio,speech,4.271,1
C:\Speech Emotion Recognition\notebooks\..\data\Raw\Audio_Speech_Actors_01-24\Actor_07\03-01-02-02-02-02-07.wav,03-01-02-02-02-02-07.wav,7,male,2,calm,strong,2,2,audio,speech,4.104,1
C:\Speech Emotion Recognition\notebooks\..\data\Raw\Audio_Speech_Actors_01-24\Actor_07\03-01-03-01-01-01-07.wav,03-01-03-01-01-01-07.wav,7,male,3,happy,normal,1,1,audio,speech,3.503,2
C:\Speech Emotion Recognition\notebooks\..\data\Raw\Audio_Speech_Actors_01-24\Actor_07\03-01-03-01-01-02-07.wav,03-01-03-01-01-02-07.wav,7,male,3,happy,normal,1,2,audio,speech,3.47,2
C:\Speech Emotion Recognition\notebooks\..\data\Raw\Audio_Speech_Actors_01-24\Actor_07\03-01-03-01-02-01-07.wav,03-01-03-01-02-01-07.wav,7,male,3,happy,normal,2,1,audio,speech,3.403,2
C:\Speech Emotion Recognition\notebooks\..\data\Raw\Audio_Speech_Actors_01-24\Actor_07\03-01-03-01-02-02-07.wav,03-01-03-01-02-02-07.wav,7,male,3,happy,normal,2,2,audio,speech,3.403,2
C:\Speech Emotion Recognition\notebooks\..\data\Raw\Audio_Speech_Actors_01-24\Actor_07\03-01-03-02-01-01-07.wav,03-01-03-02-01-01-07.wav,7,male,3,happy,strong,1,1,audio,speech,4.104,2
C:\Speech Emotion Recognition\notebooks\..\data\Raw\Audio_Speech_Actors_01-24\Actor_07\03-01-03-02-01-02-07.wav,03-01-03-02-01-02-07.wav,7,male,3,happy,strong,1,2,audio,speech,4.037,2
C:\Speech Emotion Recognition\notebooks\..\data\Raw\Audio_Speech_Actors_01-24\Actor_07\03-01-03-02-02-01-07.wav,03-01-03-02-02-01-07.wav,7,male,3,happy,strong,2,1,audio,speech,4.037,2
C:\Speech Emotion Recognition\notebooks\..\data\Raw\Audio_Speech_Actors_01-24\Actor_07\03-01-03-02-02-02-07.wav,03-01-03-02-02-02-07.wav,7,male,3,happy,strong,2,2,audio,speech,3.837,2
C:\Speech Emotion Recognition\notebooks\..\data\Raw\Audio_Speech_Actors_01-24\Actor_07\03-01-04-01-01-01-07.wav,03-01-04-01-01-01-07.wav,7,male,4,sad,normal,1,1,audio,speech,3.537,3
C:\Speech Emotion Recognition\notebooks\..\data\Raw\Audio_Speech_Actors_01-24\Actor_07\03-01-04-01-01-02-07.wav,03-01-04-01-01-02-07.wav,7,male,4,sad,normal,1,2,audio,speech,3.604,3
C:\Speech Emotion Recognition\notebooks\..\data\Raw\Audio_Speech_Actors_01-24\Actor_07\03-01-04-01-02-01-07.wav,03-01-04-01-02-01-07.wav,7,male,4,sad,normal,2,1,audio,speech,3.537,3
C:\Speech Emotion Recognition\notebooks\..\data\Raw\Audio_Speech_Actors_01-24\Actor_07\03-01-04-01-02-02-07.wav,03-01-04-01-02-02-07.wav,7,male,4,sad,normal,2,2,audio,speech,3.871,3
C:\Speech Emotion Recognition\notebooks\..\data\Raw\Audio_Speech_Actors_01-24\Actor_07\03-01-04-02-01-01-07.wav,03-01-04-02-01-01-07.wav,7,male,4,sad,strong,1,1,audio,speech,3.937,3
C:\Speech Emotion Recognition\notebooks\..\data\Raw\Audio_Speech_Actors_01-24\Actor_07\03-01-04-02-01-02-07.wav,03-01-04-02-01-02-07.wav,7,male,4,sad,strong,1,2,audio,speech,3.837,3
C:\Speech Emotion Recognition\notebooks\..\data\Raw\Audio_Speech_Actors_01-24\Actor_07\03-01-04-02-02-01-07.wav,03-01-04-02-02-01-07.wav,7,male,4,sad,strong,2,1,audio,speech,3.637,3
C:\Speech Emotion Recognition\notebooks\..\data\Raw\Audio_Speech_Actors_01-24\Actor_07\03-01-04-02-02-02-07.wav,03-01-04-02-02-02-07.wav,7,male,4,sad,strong,2,2,audio,speech,3.837,3
C:\Speech Emotion Recognition\notebooks\..\data\Raw\Audio_Speech_Actors_01-24\Actor_07\03-01-05-01-01-01-07.wav,03-01-05-01-01-01-07.wav,7,male,5,angry,normal,1,1,audio,speech,4.004,4
C:\Speech Emotion Recognition\notebooks\..\data\Raw\Audio_Speech_Actors_01-24\Actor_07\03-01-05-01-01-02-07.wav,03-01-05-01-01-02-07.wav,7,male,5,angry,normal,1,2,audio,speech,3.971,4
C:\Speech Emotion Recognition\notebooks\..\data\Raw\Audio_Speech_Actors_01-24\Actor_07\03-01-05-01-02-01-07.wav,03-01-05-01-02-01-07.wav,7,male,5,angry,normal,2,1,audio,speech,4.004,4
C:\Speech Emotion Recognition\notebooks\..\data\Raw\Audio_Speech_Actors_01-24\Actor_07\03-01-05-01-02-02-07.wav,03-01-05-01-02-02-07.wav,7,male,5,angry,normal,2,2,audio,speech,4.004,4
C:\Speech Emotion Recognition\notebooks\..\data\Raw\Audio_Speech_Actors_01-24\Actor_07\03-01-05-02-01-01-07.wav,03-01-05-02-01-01-07.wav,7,male,5,angry,strong,1,1,audio,speech,3.604,4
C:\Speech Emotion Recognition\notebooks\..\data\Raw\Audio_Speech_Actors_01-24\Actor_07\03-01-05-02-01-02-07.wav,03-01-05-02-01-02-07.wav,7,male,5,angry,strong,1,2,audio,speech,4.004,4
C:\Speech Emotion Recognition\notebooks\..\data\Raw\Audio_Speech_Actors_01-24\Actor_07\03-01-05-02-02-01-07.wav,03-01-05-02-02-01-07.wav,7,male,5,angry,strong,2,1,audio,speech,3.837,4
C:\Speech Emotion Recognition\notebooks\..\data\Raw\Audio_Speech_Actors_01-24\Actor_07\03-01-05-02-02-02-07.wav,03-01-05-02-02-02-07.wav,7,male,5,angry,strong,2,2,audio,speech,4.338,4
C:\Speech Emotion Recognition\notebooks\..\data\Raw\Audio_Speech_Actors_01-24\Actor_07\03-01-06-01-01-01-07.wav,03-01-06-01-01-01-07.wav,7,male,6,fearful,normal,1,1,audio,speech,3.437,5
C:\Speech Emotion Recognition\notebooks\..\data\Raw\Audio_Speech_Actors_01-24\Actor_07\03-01-06-01-01-02-07.wav,03-01-06-01-01-02-07.wav,7,male,6,fearful,normal,1,2,audio,speech,3.503,5
C:\Speech Emotion Recognition\notebooks\..\data\Raw\Audio_Speech_Actors_01-24\Actor_07\03-01-06-01-02-01-07.wav,03-01-06-01-02-01-07.wav,7,male,6,fearful,normal,2,1,audio,speech,3.437,5
C:\Speech Emotion Recognition\notebooks\..\data\Raw\Audio_Speech_Actors_01-24\Actor_07\03-01-06-01-02-02-07.wav,03-01-06-01-02-02-07.wav,7,male,6,fearful,normal,2,2,audio,speech,3.37,5
C:\Speech Emotion Recognition\notebooks\..\data\Raw\Audio_Speech_Actors_01-24\Actor_07\03-01-06-02-01-01-07.wav,03-01-06-02-01-01-07.wav,7,male,6,fearful,strong,1,1,audio,speech,3.637,5
C:\Speech Emotion Recognition\notebooks\..\data\Raw\Audio_Speech_Actors_01-24\Actor_07\03-01-06-02-01-02-07.wav,03-01-06-02-01-02-07.wav,7,male,6,fearful,strong,1,2,audio,speech,3.47,5
C:\Speech Emotion Recognition\notebooks\..\data\Raw\Audio_Speech_Actors_01-24\Actor_07\03-01-06-02-02-01-07.wav,03-01-06-02-02-01-07.wav,7,male,6,fearful,strong,2,1,audio,speech,3.403,5
C:\Speech Emotion Recognition\notebooks\..\data\Raw\Audio_Speech_Actors_01-24\Actor_07\03-01-06-02-02-02-07.wav,03-01-06-02-02-02-07.wav,7,male,6,fearful,strong,2,2,audio,speech,3.503,5
C:\Speech Emotion Recognition\notebooks\..\data\Raw\Audio_Speech_Actors_01-24\Actor_07\03-01-07-01-01-01-07.wav,03-01-07-01-01-01-07.wav,7,male,7,disgust,normal,1,1,audio,speech,3.537,6
C:\Speech Emotion Recognition\notebooks\..\data\Raw\Audio_Speech_Actors_01-24\Actor_07\03-01-07-01-01-02-07.wav,03-01-07-01-01-02-07.wav,7,male,7,disgust,normal,1,2,audio,speech,3.503,6
C:\Speech Emotion Recognition\notebooks\..\data\Raw\Audio_Speech_Actors_01-24\Actor_07\03-01-07-01-02-01-07.wav,03-01-07-01-02-01-07.wav,7,male,7,disgust,normal,2,1,audio,speech,3.437,6
C:\Speech Emotion Recognition\notebooks\..\data\Raw\Audio_Speech_Actors_01-24\Actor_07\03-01-07-01-02-02-07.wav,03-01-07-01-02-02-07.wav,7,male,7,disgust,normal,2,2,audio,speech,3.537,6
C:\Speech Emotion Recognition\notebooks\..\data\Raw\Audio_Speech_Actors_01-24\Actor_07\03-01-07-02-01-01-07.wav,03-01-07-02-01-01-07.wav,7,male,7,disgust,strong,1,1,audio,speech,4.137,6
C:\Speech Emotion Recognition\notebooks\..\data\Raw\Audio_Speech_Actors_01-24\Actor_07\03-01-07-02-01-02-07.wav,03-01-07-02-01-02-07.wav,7,male,7,disgust,strong,1,2,audio,speech,4.404,6
C:\Speech Emotion Recognition\notebooks\..\data\Raw\Audio_Speech_Actors_01-24\Actor_07\03-01-07-02-02-01-07.wav,03-01-07-02-02-01-07.wav,7,male,7,disgust,strong,2,1,audio,speech,4.137,6
C:\Speech Emotion Recognition\notebooks\..\data\Raw\Audio_Speech_Actors_01-24\Actor_07\03-01-07-02-02-02-07.wav,03-01-07-02-02-02-07.wav,7,male,7,disgust,strong,2,2,audio,speech,4.771,6
C:\Speech Emotion Recognition\notebooks\..\data\Raw\Audio_Speech_Actors_01-24\Actor_07\03-01-08-01-01-01-07.wav,03-01-08-01-01-01-07.wav,7,male,8,surprised,normal,1,1,audio,speech,3.47,7
C:\Speech Emotion Recognition\notebooks\..\data\Raw\Audio_Speech_Actors_01-24\Actor_07\03-01-08-01-01-02-07.wav,03-01-08-01-01-02-07.wav,7,male,8,surprised,normal,1,2,audio,speech,3.537,7
C:\Speech Emotion Recognition\notebooks\..\data\Raw\Audio_Speech_Actors_01-24\Actor_07\03-01-08-01-02-01-07.wav,03-01-08-01-02-01-07.wav,7,male,8,surprised,normal,2,1,audio,speech,3.437,7
C:\Speech Emotion Recognition\notebooks\..\data\Raw\Audio_Speech_Actors_01-24\Actor_07\03-01-08-01-02-02-07.wav,03-01-08-01-02-02-07.wav,7,male,8,surprised,normal,2,2,audio,speech,3.437,7
C:\Speech Emotion Recognition\notebooks\..\data\Raw\Audio_Speech_Actors_01-24\Actor_07\03-01-08-02-01-01-07.wav,03-01-08-02-01-01-07.wav,7,male,8,surprised,strong,1,1,audio,speech,3.871,7
C:\Speech Emotion Recognition\notebooks\..\data\Raw\Audio_Speech_Actors_01-24\Actor_07\03-01-08-02-01-02-07.wav,03-01-08-02-01-02-07.wav,7,male,8,surprised,strong,1,2,audio,speech,3.637,7
C:\Speech Emotion Recognition\notebooks\..\data\Raw\Audio_Speech_Actors_01-24\Actor_07\03-01-08-02-02-01-07.wav,03-01-08-02-02-01-07.wav,7,male,8,surprised,strong,2,1,audio,speech,3.437,7
C:\Speech Emotion Recognition\notebooks\..\data\Raw\Audio_Speech_Actors_01-24\Actor_07\03-01-08-02-02-02-07.wav,03-01-08-02-02-02-07.wav,7,male,8,surprised,strong,2,2,audio,speech,3.47,7
C:\Speech Emotion Recognition\notebooks\..\data\Raw\Audio_Speech_Actors_01-24\Actor_08\03-01-01-01-01-01-08.wav,03-01-01-01-01-01-08.wav,8,female,1,neutral,normal,1,1,audio,speech,3.503,0
C:\Speech Emotion Recognition\notebooks\..\data\Raw\Audio_Speech_Actors_01-24\Actor_08\03-01-01-01-01-02-08.wav,03-01-01-01-01-02-08.wav,8,female,1,neutral,normal,1,2,audio,speech,3.637,0
C:\Speech Emotion Recognition\notebooks\..\data\Raw\Audio_Speech_Actors_01-24\Actor_08\03-01-01-01-02-01-08.wav,03-01-01-01-02-01-08.wav,8,female,1,neutral,normal,2,1,audio,speech,3.537,0
C:\Speech Emotion Recognition\notebooks\..\data\Raw\Audio_Speech_Actors_01-24\Actor_08\03-01-01-01-02-02-08.wav,03-01-01-01-02-02-08.wav,8,female,1,neutral,normal,2,2,audio,speech,3.503,0
C:\Speech Emotion Recognition\notebooks\..\data\Raw\Audio_Speech_Actors_01-24\Actor_08\03-01-02-01-01-01-08.wav,03-01-02-01-01-01-08.wav,8,female,2,calm,normal,1,1,audio,speech,3.604,1
C:\Speech Emotion Recognition\notebooks\..\data\Raw\Audio_Speech_Actors_01-24\Actor_08\03-01-02-01-01-02-08.wav,03-01-02-01-01-02-08.wav,8,female,2,calm,normal,1,2,audio,speech,3.403,1
C:\Speech Emotion Recognition\notebooks\..\data\Raw\Audio_Speech_Actors_01-24\Actor_08\03-01-02-01-02-01-08.wav,03-01-02-01-02-01-08.wav,8,female,2,calm,normal,2,1,audio,speech,3.47,1
C:\Speech Emotion Recognition\notebooks\..\data\Raw\Audio_Speech_Actors_01-24\Actor_08\03-01-02-01-02-02-08.wav,03-01-02-01-02-02-08.wav,8,female,2,calm,normal,2,2,audio,speech,3.47,1
C:\Speech Emotion Recognition\notebooks\..\data\Raw\Audio_Speech_Actors_01-24\Actor_08\03-01-02-02-01-01-08.wav,03-01-02-02-01-01-08.wav,8,female,2,calm,strong,1,1,audio,speech,3.637,1
C:\Speech Emotion Recognition\notebooks\..\data\Raw\Audio_Speech_Actors_01-24\Actor_08\03-01-02-02-01-02-08.wav,03-01-02-02-01-02-08.wav,8,female,2,calm,strong,1,2,audio,speech,3.737,1
C:\Speech Emotion Recognition\notebooks\..\data\Raw\Audio_Speech_Actors_01-24\Actor_08\03-01-02-02-02-01-08.wav,03-01-02-02-02-01-08.wav,8,female,2,calm,strong,2,1,audio,speech,3.67,1
C:\Speech Emotion Recognition\notebooks\..\data\Raw\Audio_Speech_Actors_01-24\Actor_08\03-01-02-02-02-02-08.wav,03-01-02-02-02-02-08.wav,8,female,2,calm,strong,2,2,audio,speech,3.804,1
C:\Speech Emotion Recognition\notebooks\..\data\Raw\Audio_Speech_Actors_01-24\Actor_08\03-01-03-01-01-01-08.wav,03-01-03-01-01-01-08.wav,8,female,3,happy,normal,1,1,audio,speech,3.503,2
C:\Speech Emotion Recognition\notebooks\..\data\Raw\Audio_Speech_Actors_01-24\Actor_08\03-01-03-01-01-02-08.wav,03-01-03-01-01-02-08.wav,8,female,3,happy,normal,1,2,audio,speech,3.437,2
C:\Speech Emotion Recognition\notebooks\..\data\Raw\Audio_Speech_Actors_01-24\Actor_08\03-01-03-01-02-01-08.wav,03-01-03-01-02-01-08.wav,8,female,3,happy,normal,2,1,audio,speech,3.47,2
C:\Speech Emotion Recognition\notebooks\..\data\Raw\Audio_Speech_Actors_01-24\Actor_08\03-01-03-01-02-02-08.wav,03-01-03-01-02-02-08.wav,8,female,3,happy,normal,2,2,audio,speech,3.437,2
C:\Speech Emotion Recognition\notebooks\..\data\Raw\Audio_Speech_Actors_01-24\Actor_08\03-01-03-02-01-01-08.wav,03-01-03-02-01-01-08.wav,8,female,3,happy,strong,1,1,audio,speech,3.77,2
C:\Speech Emotion Recognition\notebooks\..\data\Raw\Audio_Speech_Actors_01-24\Actor_08\03-01-03-02-01-02-08.wav,03-01-03-02-01-02-08.wav,8,female,3,happy,strong,1,2,audio,speech,3.904,2
C:\Speech Emotion Recognition\notebooks\..\data\Raw\Audio_Speech_Actors_01-24\Actor_08\03-01-03-02-02-01-08.wav,03-01-03-02-02-01-08.wav,8,female,3,happy,strong,2,1,audio,speech,3.837,2
C:\Speech Emotion Recognition\notebooks\..\data\Raw\Audio_Speech_Actors_01-24\Actor_08\03-01-03-02-02-02-08.wav,03-01-03-02-02-02-08.wav,8,female,3,happy,strong,2,2,audio,speech,3.937,2
C:\Speech Emotion Recognition\notebooks\..\data\Raw\Audio_Speech_Actors_01-24\Actor_08\03-01-04-01-01-01-08.wav,03-01-04-01-01-01-08.wav,8,female,4,sad,normal,1,1,audio,speech,4.204,3
C:\Speech Emotion Recognition\notebooks\..\data\Raw\Audio_Speech_Actors_01-24\Actor_08\03-01-04-01-01-02-08.wav,03-01-04-01-01-02-08.wav,8,female,4,sad,normal,1,2,audio,speech,3.871,3
C:\Speech Emotion Recognition\notebooks\..\data\Raw\Audio_Speech_Actors_01-24\Actor_08\03-01-04-01-02-01-08.wav,03-01-04-01-02-01-08.wav,8,female,4,sad,normal,2,1,audio,speech,3.57,3
C:\Speech Emotion Recognition\notebooks\..\data\Raw\Audio_Speech_Actors_01-24\Actor_08\03-01-04-01-02-02-08.wav,03-01-04-01-02-02-08.wav,8,female,4,sad,normal,2,2,audio,speech,3.604,3
C:\Speech Emotion Recognition\notebooks\..\data\Raw\Audio_Speech_Actors_01-24\Actor_08\03-01-04-02-01-01-08.wav,03-01-04-02-01-01-08.wav,8,female,4,sad,strong,1,1,audio,speech,3.77,3
C:\Speech Emotion Recognition\notebooks\..\data\Raw\Audio_Speech_Actors_01-24\Actor_08\03-01-04-02-01-02-08.wav,03-01-04-02-01-02-08.wav,8,female,4,sad,strong,1,2,audio,speech,3.937,3
C:\Speech Emotion Recognition\notebooks\..\data\Raw\Audio_Speech_Actors_01-24\Actor_08\03-01-04-02-02-01-08.wav,03-01-04-02-02-01-08.wav,8,female,4,sad,strong,2,1,audio,speech,3.67,3
C:\Speech Emotion Recognition\notebooks\..\data\Raw\Audio_Speech_Actors_01-24\Actor_08\03-01-04-02-02-02-08.wav,03-01-04-02-02-02-08.wav,8,female,4,sad,strong,2,2,audio,speech,3.704,3
C:\Speech Emotion Recognition\notebooks\..\data\Raw\Audio_Speech_Actors_01-24\Actor_08\03-01-05-01-01-01-08.wav,03-01-05-01-01-01-08.wav,8,female,5,angry,normal,1,1,audio,speech,3.704,4
C:\Speech Emotion Recognition\notebooks\..\data\Raw\Audio_Speech_Actors_01-24\Actor_08\03-01-05-01-01-02-08.wav,03-01-05-01-01-02-08.wav,8,female,5,angry,normal,1,2,audio,speech,3.604,4
C:\Speech Emotion Recognition\notebooks\..\data\Raw\Audio_Speech_Actors_01-24\Actor_08\03-01-05-01-02-01-08.wav,03-01-05-01-02-01-08.wav,8,female,5,angry,normal,2,1,audio,speech,3.537,4
C:\Speech Emotion Recognition\notebooks\..\data\Raw\Audio_Speech_Actors_01-24\Actor_08\03-01-05-01-02-02-08.wav,03-01-05-01-02-02-08.wav,8,female,5,angry,normal,2,2,audio,speech,3.57,4
C:\Speech Emotion Recognition\notebooks\..\data\Raw\Audio_Speech_Actors_01-24\Actor_08\03-01-05-02-01-01-08.wav,03-01-05-02-01-01-08.wav,8,female,5,angry,strong,1,1,audio,speech,3.971,4
C:\Speech Emotion Recognition\notebooks\..\data\Raw\Audio_Speech_Actors_01-24\Actor_08\03-01-05-02-01-02-08.wav,03-01-05-02-01-02-08.wav,8,female,5,angry,strong,1,2,audio,speech,3.77,4
C:\Speech Emotion Recognition\notebooks\..\data\Raw\Audio_Speech_Actors_01-24\Actor_08\03-01-05-02-02-01-08.wav,03-01-05-02-02-01-08.wav,8,female,5,angry,strong,2,1,audio,speech,3.604,4
C:\Speech Emotion Recognition\notebooks\..\data\Raw\Audio_Speech_Actors_01-24\Actor_08\03-01-05-02-02-02-08.wav,03-01-05-02-02-02-08.wav,8,female,5,angry,strong,2,2,audio,speech,3.637,4
C:\Speech Emotion Recognition\notebooks\..\data\Raw\Audio_Speech_Actors_01-24\Actor_08\03-01-06-01-01-01-08.wav,03-01-06-01-01-01-08.wav,8,female,6,fearful,normal,1,1,audio,speech,3.971,5
C:\Speech Emotion Recognition\notebooks\..\data\Raw\Audio_Speech_Actors_01-24\Actor_08\03-01-06-01-01-02-08.wav,03-01-06-01-01-02-08.wav,8,female,6,fearful,normal,1,2,audio,speech,3.67,5
C:\Speech Emotion Recognition\notebooks\..\data\Raw\Audio_Speech_Actors_01-24\Actor_08\03-01-06-01-02-01-08.wav,03-01-06-01-02-01-08.wav,8,female,6,fearful,normal,2,1,audio,speech,3.77,5
C:\Speech Emotion Recognition\notebooks\..\data\Raw\Audio_Speech_Actors_01-24\Actor_08\03-01-06-01-02-02-08.wav,03-01-06-01-02-02-08.wav,8,female,6,fearful,normal,2,2,audio,speech,3.67,5
C:\Speech Emotion Recognition\notebooks\..\data\Raw\Audio_Speech_Actors_01-24\Actor_08\03-01-06-02-01-01-08.wav,03-01-06-02-01-01-08.wav,8,female,6,fearful,strong,1,1,audio,speech,3.971,5
C:\Speech Emotion Recognition\notebooks\..\data\Raw\Audio_Speech_Actors_01-24\Actor_08\03-01-06-02-01-02-08.wav,03-01-06-02-01-02-08.wav,8,female,6,fearful,strong,1,2,audio,speech,3.904,5
C:\Speech Emotion Recognition\notebooks\..\data\Raw\Audio_Speech_Actors_01-24\Actor_08\03-01-06-02-02-01-08.wav,03-01-06-02-02-01-08.wav,8,female,6,fearful,strong,2,1,audio,speech,3.871,5
C:\Speech Emotion Recognition\notebooks\..\data\Raw\Audio_Speech_Actors_01-24\Actor_08\03-01-06-02-02-02-08.wav,03-01-06-02-02-02-08.wav,8,female,6,fearful,strong,2,2,audio,speech,3.937,5
C:\Speech Emotion Recognition\notebooks\..\data\Raw\Audio_Speech_Actors_01-24\Actor_08\03-01-07-01-01-01-08.wav,03-01-07-01-01-01-08.wav,8,female,7,disgust,normal,1,1,audio,speech,3.904,6
C:\Speech Emotion Recognition\notebooks\..\data\Raw\Audio_Speech_Actors_01-24\Actor_08\03-01-07-01-01-02-08.wav,03-01-07-01-01-02-08.wav,8,female,7,disgust,normal,1,2,audio,speech,3.67,6
C:\Speech Emotion Recognition\notebooks\..\data\Raw\Audio_Speech_Actors_01-24\Actor_08\03-01-07-01-02-01-08.wav,03-01-07-01-02-01-08.wav,8,female,7,disgust,normal,2,1,audio,speech,3.937,6
C:\Speech Emotion Recognition\notebooks\..\data\Raw\Audio_Speech_Actors_01-24\Actor_08\03-01-07-01-02-02-08.wav,03-01-07-01-02-02-08.wav,8,female,7,disgust,normal,2,2,audio,speech,3.837,6
C:\Speech Emotion Recognition\notebooks\..\data\Raw\Audio_Speech_Actors_01-24\Actor_08\03-01-07-02-01-01-08.wav,03-01-07-02-01-01-08.wav,8,female,7,disgust,strong,1,1,audio,speech,4.071,6
C:\Speech Emotion Recognition\notebooks\..\data\Raw\Audio_Speech_Actors_01-24\Actor_08\03-01-07-02-01-02-08.wav,03-01-07-02-01-02-08.wav,8,female,7,disgust,strong,1,2,audio,speech,3.77,6
C:\Speech Emotion Recognition\notebooks\..\data\Raw\Audio_Speech_Actors_01-24\Actor_08\03-01-07-02-02-01-08.wav,03-01-07-02-02-01-08.wav,8,female,7,disgust,strong,2,1,audio,speech,3.737,6
C:\Speech Emotion Recognition\notebooks\..\data\Raw\Audio_Speech_Actors_01-24\Actor_08\03-01-07-02-02-02-08.wav,03-01-07-02-02-02-08.wav,8,female,7,disgust,strong,2,2,audio,speech,3.871,6
C:\Speech Emotion Recognition\notebooks\..\data\Raw\Audio_Speech_Actors_01-24\Actor_08\03-01-08-01-01-01-08.wav,03-01-08-01-01-01-08.wav,8,female,8,surprised,normal,1,1,audio,speech,3.704,7
C:\Speech Emotion Recognition\notebooks\..\data\Raw\Audio_Speech_Actors_01-24\Actor_08\03-01-08-01-01-02-08.wav,03-01-08-01-01-02-08.wav,8,female,8,surprised,normal,1,2,audio,speech,3.804,7
C:\Speech Emotion Recognition\notebooks\..\data\Raw\Audio_Speech_Actors_01-24\Actor_08\03-01-08-01-02-01-08.wav,03-01-08-01-02-01-08.wav,8,female,8,surprised,normal,2,1,audio,speech,3.77,7
C:\Speech Emotion Recognition\notebooks\..\data\Raw\Audio_Speech_Actors_01-24\Actor_08\03-01-08-01-02-02-08.wav,03-01-08-01-02-02-08.wav,8,female,8,surprised,normal,2,2,audio,speech,3.537,7
C:\Speech Emotion Recognition\notebooks\..\data\Raw\Audio_Speech_Actors_01-24\Actor_08\03-01-08-02-01-01-08.wav,03-01-08-02-01-01-08.wav,8,female,8,surprised,strong,1,1,audio,speech,3.837,7
C:\Speech Emotion Recognition\notebooks\..\data\Raw\Audio_Speech_Actors_01-24\Actor_08\03-01-08-02-01-02-08.wav,03-01-08-02-01-02-08.wav,8,female,8,surprised,strong,1,2,audio,speech,3.704,7
C:\Speech Emotion Recognition\notebooks\..\data\Raw\Audio_Speech_Actors_01-24\Actor_08\03-01-08-02-02-01-08.wav,03-01-08-02-02-01-08.wav,8,female,8,surprised,strong,2,1,audio,speech,3.804,7
C:\Speech Emotion Recognition\notebooks\..\data\Raw\Audio_Speech_Actors_01-24\Actor_08\03-01-08-02-02-02-08.wav,03-01-08-02-02-02-08.wav,8,female,8,surprised,strong,2,2,audio,speech,3.871,7
C:\Speech Emotion Recognition\notebooks\..\data\Raw\Audio_Speech_Actors_01-24\Actor_09\03-01-01-01-01-01-09.wav,03-01-01-01-01-01-09.wav,9,male,1,neutral,normal,1,1,audio,speech,3.27,0
C:\Speech Emotion Recognition\notebooks\..\data\Raw\Audio_Speech_Actors_01-24\Actor_09\03-01-01-01-01-02-09.wav,03-01-01-01-01-02-09.wav,9,male,1,neutral,normal,1,2,audio,speech,3.203,0
C:\Speech Emotion Recognition\notebooks\..\data\Raw\Audio_Speech_Actors_01-24\Actor_09\03-01-01-01-02-01-09.wav,03-01-01-01-02-01-09.wav,9,male,1,neutral,normal,2,1,audio,speech,3.337,0
C:\Speech Emotion Recognition\notebooks\..\data\Raw\Audio_Speech_Actors_01-24\Actor_09\03-01-01-01-02-02-09.wav,03-01-01-01-02-02-09.wav,9,male,1,neutral,normal,2,2,audio,speech,3.237,0
C:\Speech Emotion Recognition\notebooks\..\data\Raw\Audio_Speech_Actors_01-24\Actor_09\03-01-02-01-01-01-09.wav,03-01-02-01-01-01-09.wav,9,male,2,calm,normal,1,1,audio,speech,3.337,1
C:\Speech Emotion Recognition\notebooks\..\data\Raw\Audio_Speech_Actors_01-24\Actor_09\03-01-02-01-01-02-09.wav,03-01-02-01-01-02-09.wav,9,male,2,calm,normal,1,2,audio,speech,3.337,1
C:\Speech Emotion Recognition\notebooks\..\data\Raw\Audio_Speech_Actors_01-24\Actor_09\03-01-02-01-02-01-09.wav,03-01-02-01-02-01-09.wav,9,male,2,calm,normal,2,1,audio,speech,3.47,1
C:\Speech Emotion Recognition\notebooks\..\data\Raw\Audio_Speech_Actors_01-24\Actor_09\03-01-02-01-02-02-09.wav,03-01-02-01-02-02-09.wav,9,male,2,calm,normal,2,2,audio,speech,3.57,1
C:\Speech Emotion Recognition\notebooks\..\data\Raw\Audio_Speech_Actors_01-24\Actor_09\03-01-02-02-01-01-09.wav,03-01-02-02-01-01-09.wav,9,male,2,calm,strong,1,1,audio,speech,3.337,1
C:\Speech Emotion Recognition\notebooks\..\data\Raw\Audio_Speech_Actors_01-24\Actor_09\03-01-02-02-01-02-09.wav,03-01-02-02-01-02-09.wav,9,male,2,calm,strong,1,2,audio,speech,3.437,1
C:\Speech Emotion Recognition\notebooks\..\data\Raw\Audio_Speech_Actors_01-24\Actor_09\03-01-02-02-02-01-09.wav,03-01-02-02-02-01-09.wav,9,male,2,calm,strong,2,1,audio,speech,3.804,1
C:\Speech Emotion Recognition\notebooks\..\data\Raw\Audio_Speech_Actors_01-24\Actor_09\03-01-02-02-02-02-09.wav,03-01-02-02-02-02-09.wav,9,male,2,calm,strong,2,2,audio,speech,3.637,1
C:\Speech Emotion Recognition\notebooks\..\data\Raw\Audio_Speech_Actors_01-24\Actor_09\03-01-03-01-01-01-09.wav,03-01-03-01-01-01-09.wav,9,male,3,happy,normal,1,1,audio,speech,3.337,2
C:\Speech Emotion Recognition\notebooks\..\data\Raw\Audio_Speech_Actors_01-24\Actor_09\03-01-03-01-01-02-09.wav,03-01-03-01-01-02-09.wav,9,male,3,happy,normal,1,2,audio,speech,3.537,2
C:\Speech Emotion Recognition\notebooks\..\data\Raw\Audio_Speech_Actors_01-24\Actor_09\03-01-03-01-02-01-09.wav,03-01-03-01-02-01-09.wav,9,male,3,happy,normal,2,1,audio,speech,3.303,2
C:\Speech Emotion Recognition\notebooks\..\data\Raw\Audio_Speech_Actors_01-24\Actor_09\03-01-03-01-02-02-09.wav,03-01-03-01-02-02-09.wav,9,male,3,happy,normal,2,2,audio,speech,3.47,2
C:\Speech Emotion Recognition\notebooks\..\data\Raw\Audio_Speech_Actors_01-24\Actor_09\03-01-03-02-01-01-09.wav,03-01-03-02-01-01-09.wav,9,male,3,happy,strong,1,1,audio,speech,3.77,2
C:\Speech Emotion Recognition\notebooks\..\data\Raw\Audio_Speech_Actors_01-24\Actor_09\03-01-03-02-01-02-09.wav,03-01-03-02-01-02-09.wav,9,male,3,happy,strong,1,2,audio,speech,4.171,2
C:\Speech Emotion Recognition\notebooks\..\data\Raw\Audio_Speech_Actors_01-24\Actor_09\03-01-03-02-02-01-09.wav,03-01-03-02-02-01-09.wav,9,male,3,happy,strong,2,1,audio,speech,3.57,2
C:\Speech Emotion Recognition\notebooks\..\data\Raw\Audio_Speech_Actors_01-24\Actor_09\03-01-03-02-02-02-09.wav,03-01-03-02-02-02-09.wav,9,male,3,happy,strong,2,2,audio,speech,3.57,2
C:\Speech Emotion Recognition\notebooks\..\data\Raw\Audio_Speech_Actors_01-24\Actor_09\03-01-04-01-01-01-09.wav,03-01-04-01-01-01-09.wav,9,male,4,sad,normal,1,1,audio,speech,3.27,3
C:\Speech Emotion Recognition\notebooks\..\data\Raw\Audio_Speech_Actors_01-24\Actor_09\03-01-04-01-01-02-09.wav,03-01-04-01-01-02-09.wav,9,male,4,sad,normal,1,2,audio,speech,3.437,3
C:\Speech Emotion Recognition\notebooks\..\data\Raw\Audio_Speech_Actors_01-24\Actor_09\03-01-04-01-02-01-09.wav,03-01-04-01-02-01-09.wav,9,male,4,sad,normal,2,1,audio,speech,3.403,3
C:\Speech Emotion Recognition\notebooks\..\data\Raw\Audio_Speech_Actors_01-24\Actor_09\03-01-04-01-02-02-09.wav,03-01-04-01-02-02-09.wav,9,male,4,sad,normal,2,2,audio,speech,3.403,3
C:\Speech Emotion Recognition\notebooks\..\data\Raw\Audio_Speech_Actors_01-24\Actor_09\03-01-04-02-01-01-09.wav,03-01-04-02-01-01-09.wav,9,male,4,sad,strong,1,1,audio,speech,3.937,3
C:\Speech Emotion Recognition\notebooks\..\data\Raw\Audio_Speech_Actors_01-24\Actor_09\03-01-04-02-01-02-09.wav,03-01-04-02-01-02-09.wav,9,male,4,sad,strong,1,2,audio,speech,3.904,3
C:\Speech Emotion Recognition\notebooks\..\data\Raw\Audio_Speech_Actors_01-24\Actor_09\03-01-04-02-02-01-09.wav,03-01-04-02-02-01-09.wav,9,male,4,sad,strong,2,1,audio,speech,3.637,3
C:\Speech Emotion Recognition\notebooks\..\data\Raw\Audio_Speech_Actors_01-24\Actor_09\03-01-04-02-02-02-09.wav,03-01-04-02-02-02-09.wav,9,male,4,sad,strong,2,2,audio,speech,3.871,3
C:\Speech Emotion Recognition\notebooks\..\data\Raw\Audio_Speech_Actors_01-24\Actor_09\03-01-05-01-01-01-09.wav,03-01-05-01-01-01-09.wav,9,male,5,angry,normal,1,1,audio,speech,3.57,4
C:\Speech Emotion Recognition\notebooks\..\data\Raw\Audio_Speech_Actors_01-24\Actor_09\03-01-05-01-01-02-09.wav,03-01-05-01-01-02-09.wav,9,male,5,angry,normal,1,2,audio,speech,3.57,4
C:\Speech Emotion Recognition\notebooks\..\data\Raw\Audio_Speech_Actors_01-24\Actor_09\03-01-05-01-02-01-09.wav,03-01-05-01-02-01-09.wav,9,male,5,angry,normal,2,1,audio,speech,3.737,4
C:\Speech Emotion Recognition\notebooks\..\data\Raw\Audio_Speech_Actors_01-24\Actor_09\03-01-05-01-02-02-09.wav,03-01-05-01-02-02-09.wav,9,male,5,angry,normal,2,2,audio,speech,3.537,4
C:\Speech Emotion Recognition\notebooks\..\data\Raw\Audio_Speech_Actors_01-24\Actor_09\03-01-05-02-01-01-09.wav,03-01-05-02-01-01-09.wav,9,male,5,angry,strong,1,1,audio,speech,3.804,4
C:\Speech Emotion Recognition\notebooks\..\data\Raw\Audio_Speech_Actors_01-24\Actor_09\03-01-05-02-01-02-09.wav,03-01-05-02-01-02-09.wav,9,male,5,angry,strong,1,2,audio,speech,3.77,4
C:\Speech Emotion Recognition\notebooks\..\data\Raw\Audio_Speech_Actors_01-24\Actor_09\03-01-05-02-02-01-09.wav,03-01-05-02-02-01-09.wav,9,male,5,angry,strong,2,1,audio,speech,4.371,4
C:\Speech Emotion Recognition\notebooks\..\data\Raw\Audio_Speech_Actors_01-24\Actor_09\03-01-05-02-02-02-09.wav,03-01-05-02-02-02-09.wav,9,male,5,angry,strong,2,2,audio,speech,3.971,4
C:\Speech Emotion Recognition\notebooks\..\data\Raw\Audio_Speech_Actors_01-24\Actor_09\03-01-06-01-01-01-09.wav,03-01-06-01-01-01-09.wav,9,male,6,fearful,normal,1,1,audio,speech,3.17,5
C:\Speech Emotion Recognition\notebooks\..\data\Raw\Audio_Speech_Actors_01-24\Actor_09\03-01-06-01-01-02-09.wav,03-01-06-01-01-02-09.wav,9,male,6,fearful,normal,1,2,audio,speech,3.17,5
C:\Speech Emotion Recognition\notebooks\..\data\Raw\Audio_Speech_Actors_01-24\Actor_09\03-01-06-01-02-01-09.wav,03-01-06-01-02-01-09.wav,9,male,6,fearful,normal,2,1,audio,speech,3.136,5
C:\Speech Emotion Recognition\notebooks\..\data\Raw\Audio_Speech_Actors_01-24\Actor_09\03-01-06-01-02-02-09.wav,03-01-06-01-02-02-09.wav,9,male,6,fearful,normal,2,2,audio,speech,3.136,5
C:\Speech Emotion Recognition\notebooks\..\data\Raw\Audio_Speech_Actors_01-24\Actor_09\03-01-06-02-01-01-09.wav,03-01-06-02-01-01-09.wav,9,male,6,fearful,strong,1,1,audio,speech,3.237,5
C:\Speech Emotion Recognition\notebooks\..\data\Raw\Audio_Speech_Actors_01-24\Actor_09\03-01-06-02-01-02-09.wav,03-01-06-02-01-02-09.wav,9,male,6,fearful,strong,1,2,audio,speech,3.27,5
C:\Speech Emotion Recognition\notebooks\..\data\Raw\Audio_Speech_Actors_01-24\Actor_09\03-01-06-02-02-01-09.wav,03-01-06-02-02-01-09.wav,9,male,6,fearful,strong,2,1,audio,speech,3.237,5
C:\Speech Emotion Recognition\notebooks\..\data\Raw\Audio_Speech_Actors_01-24\Actor_09\03-01-06-02-02-02-09.wav,03-01-06-02-02-02-09.wav,9,male,6,fearful,strong,2,2,audio,speech,3.237,5
C:\Speech Emotion Recognition\notebooks\..\data\Raw\Audio_Speech_Actors_01-24\Actor_09\03-01-07-01-01-01-09.wav,03-01-07-01-01-01-09.wav,9,male,7,disgust,normal,1,1,audio,speech,3.403,6
C:\Speech Emotion Recognition\notebooks\..\data\Raw\Audio_Speech_Actors_01-24\Actor_09\03-01-07-01-01-02-09.wav,03-01-07-01-01-02-09.wav,9,male,7,disgust,normal,1,2,audio,speech,3.503,6
C:\Speech Emotion Recognition\notebooks\..\data\Raw\Audio_Speech_Actors_01-24\Actor_09\03-01-07-01-02-01-09.wav,03-01-07-01-02-01-09.wav,9,male,7,disgust,normal,2,1,audio,speech,3.47,6
C:\Speech Emotion Recognition\notebooks\..\data\Raw\Audio_Speech_Actors_01-24\Actor_09\03-01-07-01-02-02-09.wav,03-01-07-01-02-02-09.wav,9,male,7,disgust,normal,2,2,audio,speech,3.403,6
C:\Speech Emotion Recognition\notebooks\..\data\Raw\Audio_Speech_Actors_01-24\Actor_09\03-01-07-02-01-01-09.wav,03-01-07-02-01-01-09.wav,9,male,7,disgust,strong,1,1,audio,speech,3.637,6
C:\Speech Emotion Recognition\notebooks\..\data\Raw\Audio_Speech_Actors_01-24\Actor_09\03-01-07-02-01-02-09.wav,03-01-07-02-01-02-09.wav,9,male,7,disgust,strong,1,2,audio,speech,3.537,6
C:\Speech Emotion Recognition\notebooks\..\data\Raw\Audio_Speech_Actors_01-24\Actor_09\03-01-07-02-02-01-09.wav,03-01-07-02-02-01-09.wav,9,male,7,disgust,strong,2,1,audio,speech,3.57,6
C:\Speech Emotion Recognition\notebooks\..\data\Raw\Audio_Speech_Actors_01-24\Actor_09\03-01-07-02-02-02-09.wav,03-01-07-02-02-02-09.wav,9,male,7,disgust,strong,2,2,audio,speech,3.604,6
C:\Speech Emotion Recognition\notebooks\..\data\Raw\Audio_Speech_Actors_01-24\Actor_09\03-01-08-01-01-01-09.wav,03-01-08-01-01-01-09.wav,9,male,8,surprised,normal,1,1,audio,speech,3.07,7
C:\Speech Emotion Recognition\notebooks\..\data\Raw\Audio_Speech_Actors_01-24\Actor_09\03-01-08-01-01-02-09.wav,03-01-08-01-01-02-09.wav,9,male,8,surprised,normal,1,2,audio,speech,3.337,7
C:\Speech Emotion Recognition\notebooks\..\data\Raw\Audio_Speech_Actors_01-24\Actor_09\03-01-08-01-02-01-09.wav,03-01-08-01-02-01-09.wav,9,male,8,surprised,normal,2,1,audio,speech,3.437,7
C:\Speech Emotion Recognition\notebooks\..\data\Raw\Audio_Speech_Actors_01-24\Actor_09\03-01-08-01-02-02-09.wav,03-01-08-01-02-02-09.wav,9,male,8,surprised,normal,2,2,audio,speech,3.437,7
C:\Speech Emotion Recognition\notebooks\..\data\Raw\Audio_Speech_Actors_01-24\Actor_09\03-01-08-02-01-01-09.wav,03-01-08-02-01-01-09.wav,9,male,8,surprised,strong,1,1,audio,speech,3.303,7
C:\Speech Emotion Recognition\notebooks\..\data\Raw\Audio_Speech_Actors_01-24\Actor_09\03-01-08-02-01-02-09.wav,03-01-08-02-01-02-09.wav,9,male,8,surprised,strong,1,2,audio,speech,3.27,7
C:\Speech Emotion Recognition\notebooks\..\data\Raw\Audio_Speech_Actors_01-24\Actor_09\03-01-08-02-02-01-09.wav,03-01-08-02-02-01-09.wav,9,male,8,surprised,strong,2,1,audio,speech,3.403,7
C:\Speech Emotion Recognition\notebooks\..\data\Raw\Audio_Speech_Actors_01-24\Actor_09\03-01-08-02-02-02-09.wav,03-01-08-02-02-02-09.wav,9,male,8,surprised,strong,2,2,audio,speech,3.437,7
C:\Speech Emotion Recognition\notebooks\..\data\Raw\Audio_Speech_Actors_01-24\Actor_10\03-01-01-01-01-01-10.wav,03-01-01-01-01-01-10.wav,10,female,1,neutral,normal,1,1,audio,speech,3.537,0
C:\Speech Emotion Recognition\notebooks\..\data\Raw\Audio_Speech_Actors_01-24\Actor_10\03-01-01-01-01-02-10.wav,03-01-01-01-01-02-10.wav,10,female,1,neutral,normal,1,2,audio,speech,3.837,0
C:\Speech Emotion Recognition\notebooks\..\data\Raw\Audio_Speech_Actors_01-24\Actor_10\03-01-01-01-02-01-10.wav,03-01-01-01-02-01-10.wav,10,female,1,neutral,normal,2,1,audio,speech,3.737,0
C:\Speech Emotion Recognition\notebooks\..\data\Raw\Audio_Speech_Actors_01-24\Actor_10\03-01-01-01-02-02-10.wav,03-01-01-01-02-02-10.wav,10,female,1,neutral,normal,2,2,audio,speech,3.67,0
C:\Speech Emotion Recognition\notebooks\..\data\Raw\Audio_Speech_Actors_01-24\Actor_10\03-01-02-01-01-01-10.wav,03-01-02-01-01-01-10.wav,10,female,2,calm,normal,1,1,audio,speech,3.57,1
C:\Speech Emotion Recognition\notebooks\..\data\Raw\Audio_Speech_Actors_01-24\Actor_10\03-01-02-01-01-02-10.wav,03-01-02-01-01-02-10.wav,10,female,2,calm,normal,1,2,audio,speech,3.604,1
C:\Speech Emotion Recognition\notebooks\..\data\Raw\Audio_Speech_Actors_01-24\Actor_10\03-01-02-01-02-01-10.wav,03-01-02-01-02-01-10.wav,10,female,2,calm,normal,2,1,audio,speech,3.637,1
C:\Speech Emotion Recognition\notebooks\..\data\Raw\Audio_Speech_Actors_01-24\Actor_10\03-01-02-01-02-02-10.wav,03-01-02-01-02-02-10.wav,10,female,2,calm,normal,2,2,audio,speech,3.704,1
C:\Speech Emotion Recognition\notebooks\..\data\Raw\Audio_Speech_Actors_01-24\Actor_10\03-01-02-02-01-01-10.wav,03-01-02-02-01-01-10.wav,10,female,2,calm,strong,1,1,audio,speech,3.737,1
C:\Speech Emotion Recognition\notebooks\..\data\Raw\Audio_Speech_Actors_01-24\Actor_10\03-01-02-02-01-02-10.wav,03-01-02-02-01-02-10.wav,10,female,2,calm,strong,1,2,audio,speech,3.737,1
C:\Speech Emotion Recognition\notebooks\..\data\Raw\Audio_Speech_Actors_01-24\Actor_10\03-01-02-02-02-01-10.wav,03-01-02-02-02-01-10.wav,10,female,2,calm,strong,2,1,audio,speech,3.804,1
C:\Speech Emotion Recognition\notebooks\..\data\Raw\Audio_Speech_Actors_01-24\Actor_10\03-01-02-02-02-02-10.wav,03-01-02-02-02-02-10.wav,10,female,2,calm,strong,2,2,audio,speech,3.837,1
C:\Speech Emotion Recognition\notebooks\..\data\Raw\Audio_Speech_Actors_01-24\Actor_10\03-01-03-01-01-01-10.wav,03-01-03-01-01-01-10.wav,10,female,3,happy,normal,1,1,audio,speech,3.503,2
C:\Speech Emotion Recognition\notebooks\..\data\Raw\Audio_Speech_Actors_01-24\Actor_10\03-01-03-01-01-02-10.wav,03-01-03-01-01-02-10.wav,10,female,3,happy,normal,1,2,audio,speech,3.47,2
C:\Speech Emotion Recognition\notebooks\..\data\Raw\Audio_Speech_Actors_01-24\Actor_10\03-01-03-01-02-01-10.wav,03-01-03-01-02-01-10.wav,10,female,3,happy,normal,2,1,audio,speech,3.303,2
C:\Speech Emotion Recognition\notebooks\..\data\Raw\Audio_Speech_Actors_01-24\Actor_10\03-01-03-01-02-02-10.wav,03-01-03-01-02-02-10.wav,10,female,3,happy,normal,2,2,audio,speech,3.337,2
C:\Speech Emotion Recognition\notebooks\..\data\Raw\Audio_Speech_Actors_01-24\Actor_10\03-01-03-02-01-01-10.wav,03-01-03-02-01-01-10.wav,10,female,3,happy,strong,1,1,audio,speech,3.837,2
C:\Speech Emotion Recognition\notebooks\..\data\Raw\Audio_Speech_Actors_01-24\Actor_10\03-01-03-02-01-02-10.wav,03-01-03-02-01-02-10.wav,10,female,3,happy,strong,1,2,audio,speech,3.503,2
C:\Speech Emotion Recognition\notebooks\..\data\Raw\Audio_Speech_Actors_01-24\Actor_10\03-01-03-02-02-01-10.wav,03-01-03-02-02-01-10.wav,10,female,3,happy,strong,2,1,audio,speech,3.737,2
C:\Speech Emotion Recognition\notebooks\..\data\Raw\Audio_Speech_Actors_01-24\Actor_10\03-01-03-02-02-02-10.wav,03-01-03-02-02-02-10.wav,10,female,3,happy,strong,2,2,audio,speech,3.971,2
C:\Speech Emotion Recognition\notebooks\..\data\Raw\Audio_Speech_Actors_01-24\Actor_10\03-01-04-01-01-01-10.wav,03-01-04-01-01-01-10.wav,10,female,4,sad,normal,1,1,audio,speech,3.303,3
C:\Speech Emotion Recognition\notebooks\..\data\Raw\Audio_Speech_Actors_01-24\Actor_10\03-01-04-01-01-02-10.wav,03-01-04-01-01-02-10.wav,10,female,4,sad,normal,1,2,audio,speech,3.47,3
C:\Speech Emotion Recognition\notebooks\..\data\Raw\Audio_Speech_Actors_01-24\Actor_10\03-01-04-01-02-01-10.wav,03-01-04-01-02-01-10.wav,10,female,4,sad,normal,2,1,audio,speech,3.537,3
C:\Speech Emotion Recognition\notebooks\..\data\Raw\Audio_Speech_Actors_01-24\Actor_10\03-01-04-01-02-02-10.wav,03-01-04-01-02-02-10.wav,10,female,4,sad,normal,2,2,audio,speech,3.804,3
C:\Speech Emotion Recognition\notebooks\..\data\Raw\Audio_Speech_Actors_01-24\Actor_10\03-01-04-02-01-01-10.wav,03-01-04-02-01-01-10.wav,10,female,4,sad,strong,1,1,audio,speech,3.503,3
C:\Speech Emotion Recognition\notebooks\..\data\Raw\Audio_Speech_Actors_01-24\Actor_10\03-01-04-02-01-02-10.wav,03-01-04-02-01-02-10.wav,10,female,4,sad,strong,1,2,audio,speech,3.57,3
C:\Speech Emotion Recognition\notebooks\..\data\Raw\Audio_Speech_Actors_01-24\Actor_10\03-01-04-02-02-01-10.wav,03-01-04-02-02-01-10.wav,10,female,4,sad,strong,2,1,audio,speech,3.67,3
C:\Speech Emotion Recognition\notebooks\..\data\Raw\Audio_Speech_Actors_01-24\Actor_10\03-01-04-02-02-02-10.wav,03-01-04-02-02-02-10.wav,10,female,4,sad,strong,2,2,audio,speech,3.57,3
C:\Speech Emotion Recognition\notebooks\..\data\Raw\Audio_Speech_Actors_01-24\Actor_10\03-01-05-01-01-01-10.wav,03-01-05-01-01-01-10.wav,10,female,5,angry,normal,1,1,audio,speech,3.904,4
C:\Speech Emotion Recognition\notebooks\..\data\Raw\Audio_Speech_Actors_01-24\Actor_10\03-01-05-01-01-02-10.wav,03-01-05-01-01-02-10.wav,10,female,5,angry,normal,1,2,audio,speech,4.004,4
C:\Speech Emotion Recognition\notebooks\..\data\Raw\Audio_Speech_Actors_01-24\Actor_10\03-01-05-01-02-01-10.wav,03-01-05-01-02-01-10.wav,10,female,5,angry,normal,2,1,audio,speech,4.104,4
C:\Speech Emotion Recognition\notebooks\..\data\Raw\Audio_Speech_Actors_01-24\Actor_10\03-01-05-01-02-02-10.wav,03-01-05-01-02-02-10.wav,10,female,5,angry,normal,2,2,audio,speech,4.137,4
C:\Speech Emotion Recognition\notebooks\..\data\Raw\Audio_Speech_Actors_01-24\Actor_10\03-01-05-02-01-01-10.wav,03-01-05-02-01-01-10.wav,10,female,5,angry,strong,1,1,audio,speech,4.171,4
C:\Speech Emotion Recognition\notebooks\..\data\Raw\Audio_Speech_Actors_01-24\Actor_10\03-01-05-02-01-02-10.wav,03-01-05-02-01-02-10.wav,10,female,5,angry,strong,1,2,audio,speech,4.471,4
C:\Speech Emotion Recognition\notebooks\..\data\Raw\Audio_Speech_Actors_01-24\Actor_10\03-01-05-02-02-01-10.wav,03-01-05-02-02-01-10.wav,10,female,5,angry,strong,2,1,audio,speech,3.871,4
C:\Speech Emotion Recognition\notebooks\..\data\Raw\Audio_Speech_Actors_01-24\Actor_10\03-01-05-02-02-02-10.wav,03-01-05-02-02-02-10.wav,10,female,5,angry,strong,2,2,audio,speech,4.137,4
C:\Speech Emotion Recognition\notebooks\..\data\Raw\Audio_Speech_Actors_01-24\Actor_10\03-01-06-01-01-01-10.wav,03-01-06-01-01-01-10.wav,10,female,6,fearful,normal,1,1,audio,speech,3.403,5
C:\Speech Emotion Recognition\notebooks\..\data\Raw\Audio_Speech_Actors_01-24\Actor_10\03-01-06-01-01-02-10.wav,03-01-06-01-01-02-10.wav,10,female,6,fearful,normal,1,2,audio,speech,3.303,5
C:\Speech Emotion Recognition\notebooks\..\data\Raw\Audio_Speech_Actors_01-24\Actor_10\03-01-06-01-02-01-10.wav,03-01-06-01-02-01-10.wav,10,female,6,fearful,normal,2,1,audio,speech,3.537,5
C:\Speech Emotion Recognition\notebooks\..\data\Raw\Audio_Speech_Actors_01-24\Actor_10\03-01-06-01-02-02-10.wav,03-01-06-01-02-02-10.wav,10,female,6,fearful,normal,2,2,audio,speech,3.437,5
C:\Speech Emotion Recognition\notebooks\..\data\Raw\Audio_Speech_Actors_01-24\Actor_10\03-01-06-02-01-01-10.wav,03-01-06-02-01-01-10.wav,10,female,6,fearful,strong,1,1,audio,speech,3.503,5
C:\Speech Emotion Recognition\notebooks\..\data\Raw\Audio_Speech_Actors_01-24\Actor_10\03-01-06-02-01-02-10.wav,03-01-06-02-01-02-10.wav,10,female,6,fearful,strong,1,2,audio,speech,3.704,5
C:\Speech Emotion Recognition\notebooks\..\data\Raw\Audio_Speech_Actors_01-24\Actor_10\03-01-06-02-02-01-10.wav,03-01-06-02-02-01-10.wav,10,female,6,fearful,strong,2,1,audio,speech,3.804,5
C:\Speech Emotion Recognition\notebooks\..\data\Raw\Audio_Speech_Actors_01-24\Actor_10\03-01-06-02-02-02-10.wav,03-01-06-02-02-02-10.wav,10,female,6,fearful,strong,2,2,audio,speech,3.871,5
C:\Speech Emotion Recognition\notebooks\..\data\Raw\Audio_Speech_Actors_01-24\Actor_10\03-01-07-01-01-01-10.wav,03-01-07-01-01-01-10.wav,10,female,7,disgust,normal,1,1,audio,speech,3.704,6
C:\Speech Emotion Recognition\notebooks\..\data\Raw\Audio_Speech_Actors_01-24\Actor_10\03-01-07-01-01-02-10.wav,03-01-07-01-01-02-10.wav,10,female,7,disgust,normal,1,2,audio,speech,4.204,6
C:\Speech Emotion Recognition\notebooks\..\data\Raw\Audio_Speech_Actors_01-24\Actor_10\03-01-07-01-02-01-10.wav,03-01-07-01-02-01-10.wav,10,female,7,disgust,normal,2,1,audio,speech,3.871,6
C:\Speech Emotion Recognition\notebooks\..\data\Raw\Audio_Speech_Actors_01-24\Actor_10\03-01-07-01-02-02-10.wav,03-01-07-01-02-02-10.wav,10,female,7,disgust,normal,2,2,audio,speech,4.271,6
C:\Speech Emotion Recognition\notebooks\..\data\Raw\Audio_Speech_Actors_01-24\Actor_10\03-01-07-02-01-01-10.wav,03-01-07-02-01-01-10.wav,10,female,7,disgust,strong,1,1,audio,speech,4.671,6
C:\Speech Emotion Recognition\notebooks\..\data\Raw\Audio_Speech_Actors_01-24\Actor_10\03-01-07-02-01-02-10.wav,03-01-07-02-01-02-10.wav,10,female,7,disgust,strong,1,2,audio,speech,4.538,6
C:\Speech Emotion Recognition\notebooks\..\data\Raw\Audio_Speech_Actors_01-24\Actor_10\03-01-07-02-02-01-10.wav,03-01-07-02-02-01-10.wav,10,female,7,disgust,strong,2,1,audio,speech,4.204,6
C:\Speech Emotion Recognition\notebooks\..\data\Raw\Audio_Speech_Actors_01-24\Actor_10\03-01-07-02-02-02-10.wav,03-01-07-02-02-02-10.wav,10,female,7,disgust,strong,2,2,audio,speech,4.872,6
C:\Speech Emotion Recognition\notebooks\..\data\Raw\Audio_Speech_Actors_01-24\Actor_10\03-01-08-01-01-01-10.wav,03-01-08-01-01-01-10.wav,10,female,8,surprised,normal,1,1,audio,speech,3.237,7
C:\Speech Emotion Recognition\notebooks\..\data\Raw\Audio_Speech_Actors_01-24\Actor_10\03-01-08-01-01-02-10.wav,03-01-08-01-01-02-10.wav,10,female,8,surprised,normal,1,2,audio,speech,3.403,7
C:\Speech Emotion Recognition\notebooks\..\data\Raw\Audio_Speech_Actors_01-24\Actor_10\03-01-08-01-02-01-10.wav,03-01-08-01-02-01-10.wav,10,female,8,surprised,normal,2,1,audio,speech,3.503,7
C:\Speech Emotion Recognition\notebooks\..\data\Raw\Audio_Speech_Actors_01-24\Actor_10\03-01-08-01-02-02-10.wav,03-01-08-01-02-02-10.wav,10,female,8,surprised,normal,2,2,audio,speech,3.47,7
C:\Speech Emotion Recognition\notebooks\..\data\Raw\Audio_Speech_Actors_01-24\Actor_10\03-01-08-02-01-01-10.wav,03-01-08-02-01-01-10.wav,10,female,8,surprised,strong,1,1,audio,speech,3.503,7
C:\Speech Emotion Recognition\notebooks\..\data\Raw\Audio_Speech_Actors_01-24\Actor_10\03-01-08-02-01-02-10.wav,03-01-08-02-01-02-10.wav,10,female,8,surprised,strong,1,2,audio,speech,3.403,7
C:\Speech Emotion Recognition\notebooks\..\data\Raw\Audio_Speech_Actors_01-24\Actor_10\03-01-08-02-02-01-10.wav,03-01-08-02-02-01-10.wav,10,female,8,surprised,strong,2,1,audio,speech,3.637,7
C:\Speech Emotion Recognition\notebooks\..\data\Raw\Audio_Speech_Actors_01-24\Actor_10\03-01-08-02-02-02-10.wav,03-01-08-02-02-02-10.wav,10,female,8,surprised,strong,2,2,audio,speech,3.503,7
C:\Speech Emotion Recognition\notebooks\..\data\Raw\Audio_Speech_Actors_01-24\Actor_11\03-01-01-01-01-01-11.wav,03-01-01-01-01-01-11.wav,11,male,1,neutral,normal,1,1,audio,speech,3.136,0
C:\Speech Emotion Recognition\notebooks\..\data\Raw\Audio_Speech_Actors_01-24\Actor_11\03-01-01-01-01-02-11.wav,03-01-01-01-01-02-11.wav,11,male,1,neutral,normal,1,2,audio,speech,3.103,0
C:\Speech Emotion Recognition\notebooks\..\data\Raw\Audio_Speech_Actors_01-24\Actor_11\03-01-01-01-02-01-11.wav,03-01-01-01-02-01-11.wav,11,male,1,neutral,normal,2,1,audio,speech,3.203,0
C:\Speech Emotion Recognition\notebooks\..\data\Raw\Audio_Speech_Actors_01-24\Actor_11\03-01-01-01-02-02-11.wav,03-01-01-01-02-02-11.wav,11,male,1,neutral,normal,2,2,audio,speech,3.17,0
C:\Speech Emotion Recognition\notebooks\..\data\Raw\Audio_Speech_Actors_01-24\Actor_11\03-01-02-01-01-01-11.wav,03-01-02-01-01-01-11.wav,11,male,2,calm,normal,1,1,audio,speech,3.27,1
C:\Speech Emotion Recognition\notebooks\..\data\Raw\Audio_Speech_Actors_01-24\Actor_11\03-01-02-01-01-02-11.wav,03-01-02-01-01-02-11.wav,11,male,2,calm,normal,1,2,audio,speech,3.337,1
C:\Speech Emotion Recognition\notebooks\..\data\Raw\Audio_Speech_Actors_01-24\Actor_11\03-01-02-01-02-01-11.wav,03-01-02-01-02-01-11.wav,11,male,2,calm,normal,2,1,audio,speech,3.337,1
C:\Speech Emotion Recognition\notebooks\..\data\Raw\Audio_Speech_Actors_01-24\Actor_11\03-01-02-01-02-02-11.wav,03-01-02-01-02-02-11.wav,11,male,2,calm,normal,2,2,audio,speech,3.67,1
C:\Speech Emotion Recognition\notebooks\..\data\Raw\Audio_Speech_Actors_01-24\Actor_11\03-01-02-02-01-01-11.wav,03-01-02-02-01-01-11.wav,11,male,2,calm,strong,1,1,audio,speech,3.837,1
C:\Speech Emotion Recognition\notebooks\..\data\Raw\Audio_Speech_Actors_01-24\Actor_11\03-01-02-02-01-02-11.wav,03-01-02-02-01-02-11.wav,11,male,2,calm,strong,1,2,audio,speech,3.737,1
C:\Speech Emotion Recognition\notebooks\..\data\Raw\Audio_Speech_Actors_01-24\Actor_11\03-01-02-02-02-01-11.wav,03-01-02-02-02-01-11.wav,11,male,2,calm,strong,2,1,audio,speech,3.77,1
C:\Speech Emotion Recognition\notebooks\..\data\Raw\Audio_Speech_Actors_01-24\Actor_11\03-01-02-02-02-02-11.wav,03-01-02-02-02-02-11.wav,11,male,2,calm,strong,2,2,audio,speech,3.837,1
C:\Speech Emotion Recognition\notebooks\..\data\Raw\Audio_Speech_Actors_01-24\Actor_11\03-01-03-01-01-01-11.wav,03-01-03-01-01-01-11.wav,11,male,3,happy,normal,1,1,audio,speech,3.103,2
C:\Speech Emotion Recognition\notebooks\..\data\Raw\Audio_Speech_Actors_01-24\Actor_11\03-01-03-01-01-02-11.wav,03-01-03-01-01-02-11.wav,11,male,3,happy,normal,1,2,audio,speech,3.203,2
C:\Speech Emotion Recognition\notebooks\..\data\Raw\Audio_Speech_Actors_01-24\Actor_11\03-01-03-01-02-01-11.wav,03-01-03-01-02-01-11.wav,11,male,3,happy,normal,2,1,audio,speech,3.17,2
C:\Speech Emotion Recognition\notebooks\..\data\Raw\Audio_Speech_Actors_01-24\Actor_11\03-01-03-01-02-02-11.wav,03-01-03-01-02-02-11.wav,11,male,3,happy,normal,2,2,audio,speech,3.237,2
C:\Speech Emotion Recognition\notebooks\..\data\Raw\Audio_Speech_Actors_01-24\Actor_11\03-01-03-02-01-01-11.wav,03-01-03-02-01-01-11.wav,11,male,3,happy,strong,1,1,audio,speech,4.037,2
C:\Speech Emotion Recognition\notebooks\..\data\Raw\Audio_Speech_Actors_01-24\Actor_11\03-01-03-02-01-02-11.wav,03-01-03-02-01-02-11.wav,11,male,3,happy,strong,1,2,audio,speech,3.637,2
C:\Speech Emotion Recognition\notebooks\..\data\Raw\Audio_Speech_Actors_01-24\Actor_11\03-01-03-02-02-01-11.wav,03-01-03-02-02-01-11.wav,11,male,3,happy,strong,2,1,audio,speech,3.871,2
C:\Speech Emotion Recognition\notebooks\..\data\Raw\Audio_Speech_Actors_01-24\Actor_11\03-01-03-02-02-02-11.wav,03-01-03-02-02-02-11.wav,11,male,3,happy,strong,2,2,audio,speech,3.503,2
C:\Speech Emotion Recognition\notebooks\..\data\Raw\Audio_Speech_Actors_01-24\Actor_11\03-01-04-01-01-01-11.wav,03-01-04-01-01-01-11.wav,11,male,4,sad,normal,1,1,audio,speech,3.337,3
C:\Speech Emotion Recognition\notebooks\..\data\Raw\Audio_Speech_Actors_01-24\Actor_11\03-01-04-01-01-02-11.wav,03-01-04-01-01-02-11.wav,11,male,4,sad,normal,1,2,audio,speech,3.604,3
C:\Speech Emotion Recognition\notebooks\..\data\Raw\Audio_Speech_Actors_01-24\Actor_11\03-01-04-01-02-01-11.wav,03-01-04-01-02-01-11.wav,11,male,4,sad,normal,2,1,audio,speech,3.537,3
C:\Speech Emotion Recognition\notebooks\..\data\Raw\Audio_Speech_Actors_01-24\Actor_11\03-01-04-01-02-02-11.wav,03-01-04-01-02-02-11.wav,11,male,4,sad,normal,2,2,audio,speech,3.437,3
C:\Speech Emotion Recognition\notebooks\..\data\Raw\Audio_Speech_Actors_01-24\Actor_11\03-01-04-02-01-01-11.wav,03-01-04-02-01-01-11.wav,11,male,4,sad,strong,1,1,audio,speech,3.337,3
C:\Speech Emotion Recognition\notebooks\..\data\Raw\Audio_Speech_Actors_01-24\Actor_11\03-01-04-02-01-02-11.wav,03-01-04-02-01-02-11.wav,11,male,4,sad,strong,1,2,audio,speech,3.604,3
C:\Speech Emotion Recognition\notebooks\..\data\Raw\Audio_Speech_Actors_01-24\Actor_11\03-01-04-02-02-01-11.wav,03-01-04-02-02-01-11.wav,11,male,4,sad,strong,2,1,audio,speech,3.37,3
C:\Speech Emotion Recognition\notebooks\..\data\Raw\Audio_Speech_Actors_01-24\Actor_11\03-01-04-02-02-02-11.wav,03-01-04-02-02-02-11.wav,11,male,4,sad,strong,2,2,audio,speech,3.337,3
C:\Speech Emotion Recognition\notebooks\..\data\Raw\Audio_Speech_Actors_01-24\Actor_11\03-01-05-01-01-01-11.wav,03-01-05-01-01-01-11.wav,11,male,5,angry,normal,1,1,audio,speech,3.604,4
C:\Speech Emotion Recognition\notebooks\..\data\Raw\Audio_Speech_Actors_01-24\Actor_11\03-01-05-01-01-02-11.wav,03-01-05-01-01-02-11.wav,11,male,5,angry,normal,1,2,audio,speech,3.47,4
C:\Speech Emotion Recognition\notebooks\..\data\Raw\Audio_Speech_Actors_01-24\Actor_11\03-01-05-01-02-01-11.wav,03-01-05-01-02-01-11.wav,11,male,5,angry,normal,2,1,audio,speech,3.47,4
C:\Speech Emotion Recognition\notebooks\..\data\Raw\Audio_Speech_Actors_01-24\Actor_11\03-01-05-01-02-02-11.wav,03-01-05-01-02-02-11.wav,11,male,5,angry,normal,2,2,audio,speech,3.737,4
C:\Speech Emotion Recognition\notebooks\..\data\Raw\Audio_Speech_Actors_01-24\Actor_11\03-01-05-02-01-01-11.wav,03-01-05-02-01-01-11.wav,11,male,5,angry,strong,1,1,audio,speech,3.537,4
C:\Speech Emotion Recognition\notebooks\..\data\Raw\Audio_Speech_Actors_01-24\Actor_11\03-01-05-02-01-02-11.wav,03-01-05-02-01-02-11.wav,11,male,5,angry,strong,1,2,audio,speech,3.971,4
C:\Speech Emotion Recognition\notebooks\..\data\Raw\Audio_Speech_Actors_01-24\Actor_11\03-01-05-02-02-01-11.wav,03-01-05-02-02-01-11.wav,11,male,5,angry,strong,2,1,audio,speech,3.937,4
C:\Speech Emotion Recognition\notebooks\..\data\Raw\Audio_Speech_Actors_01-24\Actor_11\03-01-05-02-02-02-11.wav,03-01-05-02-02-02-11.wav,11,male,5,angry,strong,2,2,audio,speech,3.77,4
C:\Speech Emotion Recognition\notebooks\..\data\Raw\Audio_Speech_Actors_01-24\Actor_11\03-01-06-01-01-01-11.wav,03-01-06-01-01-01-11.wav,11,male,6,fearful,normal,1,1,audio,speech,3.47,5
C:\Speech Emotion Recognition\notebooks\..\data\Raw\Audio_Speech_Actors_01-24\Actor_11\03-01-06-01-01-02-11.wav,03-01-06-01-01-02-11.wav,11,male,6,fearful,normal,1,2,audio,speech,3.503,5
C:\Speech Emotion Recognition\notebooks\..\data\Raw\Audio_Speech_Actors_01-24\Actor_11\03-01-06-01-02-01-11.wav,03-01-06-01-02-01-11.wav,11,male,6,fearful,normal,2,1,audio,speech,3.17,5
C:\Speech Emotion Recognition\notebooks\..\data\Raw\Audio_Speech_Actors_01-24\Actor_11\03-01-06-01-02-02-11.wav,03-01-06-01-02-02-11.wav,11,male,6,fearful,normal,2,2,audio,speech,3.203,5
C:\Speech Emotion Recognition\notebooks\..\data\Raw\Audio_Speech_Actors_01-24\Actor_11\03-01-06-02-01-01-11.wav,03-01-06-02-01-01-11.wav,11,male,6,fearful,strong,1,1,audio,speech,3.203,5
C:\Speech Emotion Recognition\notebooks\..\data\Raw\Audio_Speech_Actors_01-24\Actor_11\03-01-06-02-01-02-11.wav,03-01-06-02-01-02-11.wav,11,male,6,fearful,strong,1,2,audio,speech,3.203,5
C:\Speech Emotion Recognition\notebooks\..\data\Raw\Audio_Speech_Actors_01-24\Actor_11\03-01-06-02-02-01-11.wav,03-01-06-02-02-01-11.wav,11,male,6,fearful,strong,2,1,audio,speech,3.07,5
C:\Speech Emotion Recognition\notebooks\..\data\Raw\Audio_Speech_Actors_01-24\Actor_11\03-01-06-02-02-02-11.wav,03-01-06-02-02-02-11.wav,11,male,6,fearful,strong,2,2,audio,speech,3.136,5
C:\Speech Emotion Recognition\notebooks\..\data\Raw\Audio_Speech_Actors_01-24\Actor_11\03-01-07-01-01-01-11.wav,03-01-07-01-01-01-11.wav,11,male,7,disgust,normal,1,1,audio,speech,3.67,6
C:\Speech Emotion Recognition\notebooks\..\data\Raw\Audio_Speech_Actors_01-24\Actor_11\03-01-07-01-01-02-11.wav,03-01-07-01-01-02-11.wav,11,male,7,disgust,normal,1,2,audio,speech,3.604,6
C:\Speech Emotion Recognition\notebooks\..\data\Raw\Audio_Speech_Actors_01-24\Actor_11\03-01-07-01-02-01-11.wav,03-01-07-01-02-01-11.wav,11,male,7,disgust,normal,2,1,audio,speech,3.47,6
C:\Speech Emotion Recognition\notebooks\..\data\Raw\Audio_Speech_Actors_01-24\Actor_11\03-01-07-01-02-02-11.wav,03-01-07-01-02-02-11.wav,11,male,7,disgust,normal,2,2,audio,speech,3.67,6
C:\Speech Emotion Recognition\notebooks\..\data\Raw\Audio_Speech_Actors_01-24\Actor_11\03-01-07-02-01-01-11.wav,03-01-07-02-01-01-11.wav,11,male,7,disgust,strong,1,1,audio,speech,3.804,6
C:\Speech Emotion Recognition\notebooks\..\data\Raw\Audio_Speech_Actors_01-24\Actor_11\03-01-07-02-01-02-11.wav,03-01-07-02-01-02-11.wav,11,male,7,disgust,strong,1,2,audio,speech,3.804,6
C:\Speech Emotion Recognition\notebooks\..\data\Raw\Audio_Speech_Actors_01-24\Actor_11\03-01-07-02-02-01-11.wav,03-01-07-02-02-01-11.wav,11,male,7,disgust,strong,2,1,audio,speech,3.737,6
C:\Speech Emotion Recognition\notebooks\..\data\Raw\Audio_Speech_Actors_01-24\Actor_11\03-01-07-02-02-02-11.wav,03-01-07-02-02-02-11.wav,11,male,7,disgust,strong,2,2,audio,speech,3.737,6
C:\Speech Emotion Recognition\notebooks\..\data\Raw\Audio_Speech_Actors_01-24\Actor_11\03-01-08-01-01-01-11.wav,03-01-08-01-01-01-11.wav,11,male,8,surprised,normal,1,1,audio,speech,3.07,7
C:\Speech Emotion Recognition\notebooks\..\data\Raw\Audio_Speech_Actors_01-24\Actor_11\03-01-08-01-01-02-11.wav,03-01-08-01-01-02-11.wav,11,male,8,surprised,normal,1,2,audio,speech,3.136,7
C:\Speech Emotion Recognition\notebooks\..\data\Raw\Audio_Speech_Actors_01-24\Actor_11\03-01-08-01-02-01-11.wav,03-01-08-01-02-01-11.wav,11,male,8,surprised,normal,2,1,audio,speech,3.17,7
C:\Speech Emotion Recognition\notebooks\..\data\Raw\Audio_Speech_Actors_01-24\Actor_11\03-01-08-01-02-02-11.wav,03-01-08-01-02-02-11.wav,11,male,8,surprised,normal,2,2,audio,speech,2.97,7
C:\Speech Emotion Recognition\notebooks\..\data\Raw\Audio_Speech_Actors_01-24\Actor_11\03-01-08-02-01-01-11.wav,03-01-08-02-01-01-11.wav,11,male,8,surprised,strong,1,1,audio,speech,3.07,7
C:\Speech Emotion Recognition\notebooks\..\data\Raw\Audio_Speech_Actors_01-24\Actor_11\03-01-08-02-01-02-11.wav,03-01-08-02-01-02-11.wav,11,male,8,surprised,strong,1,2,audio,speech,3.103,7
C:\Speech Emotion Recognition\notebooks\..\data\Raw\Audio_Speech_Actors_01-24\Actor_11\03-01-08-02-02-01-11.wav,03-01-08-02-02-01-11.wav,11,male,8,surprised,strong,2,1,audio,speech,3.07,7
C:\Speech Emotion Recognition\notebooks\..\data\Raw\Audio_Speech_Actors_01-24\Actor_11\03-01-08-02-02-02-11.wav,03-01-08-02-02-02-11.wav,11,male,8,surprised,strong,2,2,audio,speech,3.07,7
C:\Speech Emotion Recognition\notebooks\..\data\Raw\Audio_Speech_Actors_01-24\Actor_12\03-01-01-01-01-01-12.wav,03-01-01-01-01-01-12.wav,12,female,1,neutral,normal,1,1,audio,speech,3.637,0
C:\Speech Emotion Recognition\notebooks\..\data\Raw\Audio_Speech_Actors_01-24\Actor_12\03-01-01-01-01-02-12.wav,03-01-01-01-01-02-12.wav,12,female,1,neutral,normal,1,2,audio,speech,3.537,0
C:\Speech Emotion Recognition\notebooks\..\data\Raw\Audio_Speech_Actors_01-24\Actor_12\03-01-01-01-02-01-12.wav,03-01-01-01-02-01-12.wav,12,female,1,neutral,normal,2,1,audio,speech,3.604,0
C:\Speech Emotion Recognition\notebooks\..\data\Raw\Audio_Speech_Actors_01-24\Actor_12\03-01-01-01-02-02-12.wav,03-01-01-01-02-02-12.wav,12,female,1,neutral,normal,2,2,audio,speech,3.637,0
C:\Speech Emotion Recognition\notebooks\..\data\Raw\Audio_Speech_Actors_01-24\Actor_12\03-01-02-01-01-01-12.wav,03-01-02-01-01-01-12.wav,12,female,2,calm,normal,1,1,audio,speech,3.871,1
C:\Speech Emotion Recognition\notebooks\..\data\Raw\Audio_Speech_Actors_01-24\Actor_12\03-01-02-01-01-02-12.wav,03-01-02-01-01-02-12.wav,12,female,2,calm,normal,1,2,audio,speech,3.77,1
C:\Speech Emotion Recognition\notebooks\..\data\Raw\Audio_Speech_Actors_01-24\Actor_12\03-01-02-01-02-01-12.wav,03-01-02-01-02-01-12.wav,12,female,2,calm,normal,2,1,audio,speech,3.77,1
C:\Speech Emotion Recognition\notebooks\..\data\Raw\Audio_Speech_Actors_01-24\Actor_12\03-01-02-01-02-02-12.wav,03-01-02-01-02-02-12.wav,12,female,2,calm,normal,2,2,audio,speech,3.67,1
C:\Speech Emotion Recognition\notebooks\..\data\Raw\Audio_Speech_Actors_01-24\Actor_12\03-01-02-02-01-01-12.wav,03-01-02-02-01-01-12.wav,12,female,2,calm,strong,1,1,audio,speech,3.971,1
C:\Speech Emotion Recognition\notebooks\..\data\Raw\Audio_Speech_Actors_01-24\Actor_12\03-01-02-02-01-02-12.wav,03-01-02-02-01-02-12.wav,12,female,2,calm,strong,1,2,audio,speech,3.77,1
C:\Speech Emotion Recognition\notebooks\..\data\Raw\Audio_Speech_Actors_01-24\Actor_12\03-01-02-02-02-01-12.wav,03-01-02-02-02-01-12.wav,12,female,2,calm,strong,2,1,audio,speech,3.737,1
C:\Speech Emotion Recognition\notebooks\..\data\Raw\Audio_Speech_Actors_01-24\Actor_12\03-01-02-02-02-02-12.wav,03-01-02-02-02-02-12.wav,12,female,2,calm,strong,2,2,audio,speech,3.804,1
C:\Speech Emotion Recognition\notebooks\..\data\Raw\Audio_Speech_Actors_01-24\Actor_12\03-01-03-01-01-01-12.wav,03-01-03-01-01-01-12.wav,12,female,3,happy,normal,1,1,audio,speech,3.704,2
C:\Speech Emotion Recognition\notebooks\..\data\Raw\Audio_Speech_Actors_01-24\Actor_12\03-01-03-01-01-02-12.wav,03-01-03-01-01-02-12.wav,12,female,3,happy,normal,1,2,audio,speech,3.737,2
C:\Speech Emotion Recognition\notebooks\..\data\Raw\Audio_Speech_Actors_01-24\Actor_12\03-01-03-01-02-01-12.wav,03-01-03-01-02-01-12.wav,12,female,3,happy,normal,2,1,audio,speech,3.503,2
C:\Speech Emotion Recognition\notebooks\..\data\Raw\Audio_Speech_Actors_01-24\Actor_12\03-01-03-01-02-02-12.wav,03-01-03-01-02-02-12.wav,12,female,3,happy,normal,2,2,audio,speech,3.737,2
C:\Speech Emotion Recognition\notebooks\..\data\Raw\Audio_Speech_Actors_01-24\Actor_12\03-01-03-02-01-01-12.wav,03-01-03-02-01-01-12.wav,12,female,3,happy,strong,1,1,audio,speech,4.204,2
C:\Speech Emotion Recognition\notebooks\..\data\Raw\Audio_Speech_Actors_01-24\Actor_12\03-01-03-02-01-02-12.wav,03-01-03-02-01-02-12.wav,12,female,3,happy,strong,1,2,audio,speech,4.137,2
C:\Speech Emotion Recognition\notebooks\..\data\Raw\Audio_Speech_Actors_01-24\Actor_12\03-01-03-02-02-01-12.wav,03-01-03-02-02-01-12.wav,12,female,3,happy,strong,2,1,audio,speech,3.904,2
C:\Speech Emotion Recognition\notebooks\..\data\Raw\Audio_Speech_Actors_01-24\Actor_12\03-01-03-02-02-02-12.wav,03-01-03-02-02-02-12.wav,12,female,3,happy,strong,2,2,audio,speech,3.971,2
C:\Speech Emotion Recognition\notebooks\..\data\Raw\Audio_Speech_Actors_01-24\Actor_12\03-01-04-01-01-01-12.wav,03-01-04-01-01-01-12.wav,12,female,4,sad,normal,1,1,audio,speech,3.67,3
C:\Speech Emotion Recognition\notebooks\..\data\Raw\Audio_Speech_Actors_01-24\Actor_12\03-01-04-01-01-02-12.wav,03-01-04-01-01-02-12.wav,12,female,4,sad,normal,1,2,audio,speech,3.604,3
C:\Speech Emotion Recognition\notebooks\..\data\Raw\Audio_Speech_Actors_01-24\Actor_12\03-01-04-01-02-01-12.wav,03-01-04-01-02-01-12.wav,12,female,4,sad,normal,2,1,audio,speech,3.67,3
C:\Speech Emotion Recognition\notebooks\..\data\Raw\Audio_Speech_Actors_01-24\Actor_12\03-01-04-01-02-02-12.wav,03-01-04-01-02-02-12.wav,12,female,4,sad,normal,2,2,audio,speech,3.57,3
C:\Speech Emotion Recognition\notebooks\..\data\Raw\Audio_Speech_Actors_01-24\Actor_12\03-01-04-02-01-01-12.wav,03-01-04-02-01-01-12.wav,12,female,4,sad,strong,1,1,audio,speech,3.871,3
C:\Speech Emotion Recognition\notebooks\..\data\Raw\Audio_Speech_Actors_01-24\Actor_12\03-01-04-02-01-02-12.wav,03-01-04-02-01-02-12.wav,12,female,4,sad,strong,1,2,audio,speech,3.77,3
C:\Speech Emotion Recognition\notebooks\..\data\Raw\Audio_Speech_Actors_01-24\Actor_12\03-01-04-02-02-01-12.wav,03-01-04-02-02-01-12.wav,12,female,4,sad,strong,2,1,audio,speech,3.804,3
C:\Speech Emotion Recognition\notebooks\..\data\Raw\Audio_Speech_Actors_01-24\Actor_12\03-01-04-02-02-02-12.wav,03-01-04-02-02-02-12.wav,12,female,4,sad,strong,2,2,audio,speech,3.871,3
C:\Speech Emotion Recognition\notebooks\..\data\Raw\Audio_Speech_Actors_01-24\Actor_12\03-01-05-01-01-01-12.wav,03-01-05-01-01-01-12.wav,12,female,5,angry,normal,1,1,audio,speech,4.271,4
C:\Speech Emotion Recognition\notebooks\..\data\Raw\Audio_Speech_Actors_01-24\Actor_12\03-01-05-01-01-02-12.wav,03-01-05-01-01-02-12.wav,12,female,5,angry,normal,1,2,audio,speech,3.971,4
C:\Speech Emotion Recognition\notebooks\..\data\Raw\Audio_Speech_Actors_01-24\Actor_12\03-01-05-01-02-01-12.wav,03-01-05-01-02-01-12.wav,12,female,5,angry,normal,2,1,audio,speech,3.737,4
C:\Speech Emotion Recognition\notebooks\..\data\Raw\Audio_Speech_Actors_01-24\Actor_12\03-01-05-01-02-02-12.wav,03-01-05-01-02-02-12.wav,12,female,5,angry,normal,2,2,audio,speech,4.137,4
C:\Speech Emotion Recognition\notebooks\..\data\Raw\Audio_Speech_Actors_01-24\Actor_12\03-01-05-02-01-01-12.wav,03-01-05-02-01-01-12.wav,12,female,5,angry,strong,1,1,audio,speech,3.637,4
C:\Speech Emotion Recognition\notebooks\..\data\Raw\Audio_Speech_Actors_01-24\Actor_12\03-01-05-02-01-02-12.wav,03-01-05-02-01-02-12.wav,12,female,5,angry,strong,1,2,audio,speech,3.67,4
C:\Speech Emotion Recognition\notebooks\..\data\Raw\Audio_Speech_Actors_01-24\Actor_12\03-01-05-02-02-01-12.wav,03-01-05-02-02-01-12.wav,12,female,5,angry,strong,2,1,audio,speech,3.804,4
C:\Speech Emotion Recognition\notebooks\..\data\Raw\Audio_Speech_Actors_01-24\Actor_12\03-01-05-02-02-02-12.wav,03-01-05-02-02-02-12.wav,12,female,5,angry,strong,2,2,audio,speech,3.837,4
C:\Speech Emotion Recognition\notebooks\..\data\Raw\Audio_Speech_Actors_01-24\Actor_12\03-01-06-01-01-01-12.wav,03-01-06-01-01-01-12.wav,12,female,6,fearful,normal,1,1,audio,speech,3.403,5
C:\Speech Emotion Recognition\notebooks\..\data\Raw\Audio_Speech_Actors_01-24\Actor_12\03-01-06-01-01-02-12.wav,03-01-06-01-01-02-12.wav,12,female,6,fearful,normal,1,2,audio,speech,3.503,5
C:\Speech Emotion Recognition\notebooks\..\data\Raw\Audio_Speech_Actors_01-24\Actor_12\03-01-06-01-02-01-12.wav,03-01-06-01-02-01-12.wav,12,female,6,fearful,normal,2,1,audio,speech,3.37,5
C:\Speech Emotion Recognition\notebooks\..\data\Raw\Audio_Speech_Actors_01-24\Actor_12\03-01-06-01-02-02-12.wav,03-01-06-01-02-02-12.wav,12,female,6,fearful,normal,2,2,audio,speech,3.203,5
C:\Speech Emotion Recognition\notebooks\..\data\Raw\Audio_Speech_Actors_01-24\Actor_12\03-01-06-02-01-01-12.wav,03-01-06-02-01-01-12.wav,12,female,6,fearful,strong,1,1,audio,speech,3.737,5
C:\Speech Emotion Recognition\notebooks\..\data\Raw\Audio_Speech_Actors_01-24\Actor_12\03-01-06-02-01-02-12.wav,03-01-06-02-01-02-12.wav,12,female,6,fearful,strong,1,2,audio,speech,3.704,5
C:\Speech Emotion Recognition\notebooks\..\data\Raw\Audio_Speech_Actors_01-24\Actor_12\03-01-06-02-02-01-12.wav,03-01-06-02-02-01-12.wav,12,female,6,fearful,strong,2,1,audio,speech,3.47,5
C:\Speech Emotion Recognition\notebooks\..\data\Raw\Audio_Speech_Actors_01-24\Actor_12\03-01-06-02-02-02-12.wav,03-01-06-02-02-02-12.wav,12,female,6,fearful,strong,2,2,audio,speech,3.67,5
C:\Speech Emotion Recognition\notebooks\..\data\Raw\Audio_Speech_Actors_01-24\Actor_12\03-01-07-01-01-01-12.wav,03-01-07-01-01-01-12.wav,12,female,7,disgust,normal,1,1,audio,speech,3.737,6
C:\Speech Emotion Recognition\notebooks\..\data\Raw\Audio_Speech_Actors_01-24\Actor_12\03-01-07-01-01-02-12.wav,03-01-07-01-01-02-12.wav,12,female,7,disgust,normal,1,2,audio,speech,3.704,6
C:\Speech Emotion Recognition\notebooks\..\data\Raw\Audio_Speech_Actors_01-24\Actor_12\03-01-07-01-02-01-12.wav,03-01-07-01-02-01-12.wav,12,female,7,disgust,normal,2,1,audio,speech,3.604,6
C:\Speech Emotion Recognition\notebooks\..\data\Raw\Audio_Speech_Actors_01-24\Actor_12\03-01-07-01-02-02-12.wav,03-01-07-01-02-02-12.wav,12,female,7,disgust,normal,2,2,audio,speech,3.704,6
C:\Speech Emotion Recognition\notebooks\..\data\Raw\Audio_Speech_Actors_01-24\Actor_12\03-01-07-02-01-01-12.wav,03-01-07-02-01-01-12.wav,12,female,7,disgust,strong,1,1,audio,speech,3.971,6
C:\Speech Emotion Recognition\notebooks\..\data\Raw\Audio_Speech_Actors_01-24\Actor_12\03-01-07-02-01-02-12.wav,03-01-07-02-01-02-12.wav,12,female,7,disgust,strong,1,2,audio,speech,4.538,6
C:\Speech Emotion Recognition\notebooks\..\data\Raw\Audio_Speech_Actors_01-24\Actor_12\03-01-07-02-02-01-12.wav,03-01-07-02-02-01-12.wav,12,female,7,disgust,strong,2,1,audio,speech,4.204,6
C:\Speech Emotion Recognition\notebooks\..\data\Raw\Audio_Speech_Actors_01-24\Actor_12\03-01-07-02-02-02-12.wav,03-01-07-02-02-02-12.wav,12,female,7,disgust,strong,2,2,audio,speech,3.971,6
C:\Speech Emotion Recognition\notebooks\..\data\Raw\Audio_Speech_Actors_01-24\Actor_12\03-01-08-01-01-01-12.wav,03-01-08-01-01-01-12.wav,12,female,8,surprised,normal,1,1,audio,speech,3.537,7
C:\Speech Emotion Recognition\notebooks\..\data\Raw\Audio_Speech_Actors_01-24\Actor_12\03-01-08-01-01-02-12.wav,03-01-08-01-01-02-12.wav,12,female,8,surprised,normal,1,2,audio,speech,3.637,7
C:\Speech Emotion Recognition\notebooks\..\data\Raw\Audio_Speech_Actors_01-24\Actor_12\03-01-08-01-02-01-12.wav,03-01-08-01-02-01-12.wav,12,female,8,surprised,normal,2,1,audio,speech,3.503,7
C:\Speech Emotion Recognition\notebooks\..\data\Raw\Audio_Speech_Actors_01-24\Actor_12\03-01-08-01-02-02-12.wav,03-01-08-01-02-02-12.wav,12,female,8,surprised,normal,2,2,audio,speech,3.604,7
C:\Speech Emotion Recognition\notebooks\..\data\Raw\Audio_Speech_Actors_01-24\Actor_12\03-01-08-02-01-01-12.wav,03-01-08-02-01-01-12.wav,12,female,8,surprised,strong,1,1,audio,speech,3.704,7
C:\Speech Emotion Recognition\notebooks\..\data\Raw\Audio_Speech_Actors_01-24\Actor_12\03-01-08-02-01-02-12.wav,03-01-08-02-01-02-12.wav,12,female,8,surprised,strong,1,2,audio,speech,3.737,7
C:\Speech Emotion Recognition\notebooks\..\data\Raw\Audio_Speech_Actors_01-24\Actor_12\03-01-08-02-02-01-12.wav,03-01-08-02-02-01-12.wav,12,female,8,surprised,strong,2,1,audio,speech,3.737,7
C:\Speech Emotion Recognition\notebooks\..\data\Raw\Audio_Speech_Actors_01-24\Actor_12\03-01-08-02-02-02-12.wav,03-01-08-02-02-02-12.wav,12,female,8,surprised,strong,2,2,audio,speech,3.67,7
C:\Speech Emotion Recognition\notebooks\..\data\Raw\Audio_Speech_Actors_01-24\Actor_13\03-01-01-01-01-01-13.wav,03-01-01-01-01-01-13.wav,13,male,1,neutral,normal,1,1,audio,speech,3.17,0
C:\Speech Emotion Recognition\notebooks\..\data\Raw\Audio_Speech_Actors_01-24\Actor_13\03-01-01-01-01-02-13.wav,03-01-01-01-01-02-13.wav,13,male,1,neutral,normal,1,2,audio,speech,3.203,0
C:\Speech Emotion Recognition\notebooks\..\data\Raw\Audio_Speech_Actors_01-24\Actor_13\03-01-01-01-02-01-13.wav,03-01-01-01-02-01-13.wav,13,male,1,neutral,normal,2,1,audio,speech,3.07,0
C:\Speech Emotion Recognition\notebooks\..\data\Raw\Audio_Speech_Actors_01-24\Actor_13\03-01-01-01-02-02-13.wav,03-01-01-01-02-02-13.wav,13,male,1,neutral,normal,2,2,audio,speech,3.136,0
C:\Speech Emotion Recognition\notebooks\..\data\Raw\Audio_Speech_Actors_01-24\Actor_13\03-01-02-01-01-01-13.wav,03-01-02-01-01-01-13.wav,13,male,2,calm,normal,1,1,audio,speech,3.303,1
C:\Speech Emotion Recognition\notebooks\..\data\Raw\Audio_Speech_Actors_01-24\Actor_13\03-01-02-01-01-02-13.wav,03-01-02-01-01-02-13.wav,13,male,2,calm,normal,1,2,audio,speech,3.17,1
C:\Speech Emotion Recognition\notebooks\..\data\Raw\Audio_Speech_Actors_01-24\Actor_13\03-01-02-01-02-01-13.wav,03-01-02-01-02-01-13.wav,13,male,2,calm,normal,2,1,audio,speech,3.136,1
C:\Speech Emotion Recognition\notebooks\..\data\Raw\Audio_Speech_Actors_01-24\Actor_13\03-01-02-01-02-02-13.wav,03-01-02-01-02-02-13.wav,13,male,2,calm,normal,2,2,audio,speech,2.936,1
C:\Speech Emotion Recognition\notebooks\..\data\Raw\Audio_Speech_Actors_01-24\Actor_13\03-01-02-02-01-01-13.wav,03-01-02-02-01-01-13.wav,13,male,2,calm,strong,1,1,audio,speech,3.136,1
C:\Speech Emotion Recognition\notebooks\..\data\Raw\Audio_Speech_Actors_01-24\Actor_13\03-01-02-02-01-02-13.wav,03-01-02-02-01-02-13.wav,13,male,2,calm,strong,1,2,audio,speech,3.203,1
C:\Speech Emotion Recognition\notebooks\..\data\Raw\Audio_Speech_Actors_01-24\Actor_13\03-01-02-02-02-01-13.wav,03-01-02-02-02-01-13.wav,13,male,2,calm,strong,2,1,audio,speech,3.003,1
C:\Speech Emotion Recognition\notebooks\..\data\Raw\Audio_Speech_Actors_01-24\Actor_13\03-01-02-02-02-02-13.wav,03-01-02-02-02-02-13.wav,13,male,2,calm,strong,2,2,audio,speech,3.036,1
C:\Speech Emotion Recognition\notebooks\..\data\Raw\Audio_Speech_Actors_01-24\Actor_13\03-01-03-01-01-01-13.wav,03-01-03-01-01-01-13.wav,13,male,3,happy,normal,1,1,audio,speech,3.237,2
C:\Speech Emotion Recognition\notebooks\..\data\Raw\Audio_Speech_Actors_01-24\Actor_13\03-01-03-01-01-02-13.wav,03-01-03-01-01-02-13.wav,13,male,3,happy,normal,1,2,audio,speech,3.203,2
C:\Speech Emotion Recognition\notebooks\..\data\Raw\Audio_Speech_Actors_01-24\Actor_13\03-01-03-01-02-01-13.wav,03-01-03-01-02-01-13.wav,13,male,3,happy,normal,2,1,audio,speech,3.136,2
C:\Speech Emotion Recognition\notebooks\..\data\Raw\Audio_Speech_Actors_01-24\Actor_13\03-01-03-01-02-02-13.wav,03-01-03-01-02-02-13.wav,13,male,3,happy,normal,2,2,audio,speech,3.203,2
C:\Speech Emotion Recognition\notebooks\..\data\Raw\Audio_Speech_Actors_01-24\Actor_13\03-01-03-02-01-01-13.wav,03-01-03-02-01-01-13.wav,13,male,3,happy,strong,1,1,audio,speech,3.437,2
C:\Speech Emotion Recognition\notebooks\..\data\Raw\Audio_Speech_Actors_01-24\Actor_13\03-01-03-02-01-02-13.wav,03-01-03-02-01-02-13.wav,13,male,3,happy,strong,1,2,audio,speech,3.604,2
C:\Speech Emotion Recognition\notebooks\..\data\Raw\Audio_Speech_Actors_01-24\Actor_13\03-01-03-02-02-01-13.wav,03-01-03-02-02-01-13.wav,13,male,3,happy,strong,2,1,audio,speech,3.37,2
C:\Speech Emotion Recognition\notebooks\..\data\Raw\Audio_Speech_Actors_01-24\Actor_13\03-01-03-02-02-02-13.wav,03-01-03-02-02-02-13.wav,13,male,3,happy,strong,2,2,audio,speech,3.337,2
C:\Speech Emotion Recognition\notebooks\..\data\Raw\Audio_Speech_Actors_01-24\Actor_13\03-01-04-01-01-01-13.wav,03-01-04-01-01-01-13.wav,13,male,4,sad,normal,1,1,audio,speech,3.57,3
C:\Speech Emotion Recognition\notebooks\..\data\Raw\Audio_Speech_Actors_01-24\Actor_13\03-01-04-01-01-02-13.wav,03-01-04-01-01-02-13.wav,13,male,4,sad,normal,1,2,audio,speech,3.537,3
C:\Speech Emotion Recognition\notebooks\..\data\Raw\Audio_Speech_Actors_01-24\Actor_13\03-01-04-01-02-01-13.wav,03-01-04-01-02-01-13.wav,13,male,4,sad,normal,2,1,audio,speech,3.437,3
C:\Speech Emotion Recognition\notebooks\..\data\Raw\Audio_Speech_Actors_01-24\Actor_13\03-01-04-01-02-02-13.wav,03-01-04-01-02-02-13.wav,13,male,4,sad,normal,2,2,audio,speech,3.37,3
C:\Speech Emotion Recognition\notebooks\..\data\Raw\Audio_Speech_Actors_01-24\Actor_13\03-01-04-02-01-01-13.wav,03-01-04-02-01-01-13.wav,13,male,4,sad,strong,1,1,audio,speech,3.337,3
C:\Speech Emotion Recognition\notebooks\..\data\Raw\Audio_Speech_Actors_01-24\Actor_13\03-01-04-02-01-02-13.wav,03-01-04-02-01-02-13.wav,13,male,4,sad,strong,1,2,audio,speech,3.303,3
C:\Speech Emotion Recognition\notebooks\..\data\Raw\Audio_Speech_Actors_01-24\Actor_13\03-01-04-02-02-01-13.wav,03-01-04-02-02-01-13.wav,13,male,4,sad,strong,2,1,audio,speech,3.437,3
C:\Speech Emotion Recognition\notebooks\..\data\Raw\Audio_Speech_Actors_01-24\Actor_13\03-01-04-02-02-02-13.wav,03-01-04-02-02-02-13.wav,13,male,4,sad,strong,2,2,audio,speech,3.203,3
C:\Speech Emotion Recognition\notebooks\..\data\Raw\Audio_Speech_Actors_01-24\Actor_13\03-01-05-01-01-01-13.wav,03-01-05-01-01-01-13.wav,13,male,5,angry,normal,1,1,audio,speech,3.437,4
C:\Speech Emotion Recognition\notebooks\..\data\Raw\Audio_Speech_Actors_01-24\Actor_13\03-01-05-01-01-02-13.wav,03-01-05-01-01-02-13.wav,13,male,5,angry,normal,1,2,audio,speech,3.537,4
C:\Speech Emotion Recognition\notebooks\..\data\Raw\Audio_Speech_Actors_01-24\Actor_13\03-01-05-01-02-01-13.wav,03-01-05-01-02-01-13.wav,13,male,5,angry,normal,2,1,audio,speech,3.604,4
C:\Speech Emotion Recognition\notebooks\..\data\Raw\Audio_Speech_Actors_01-24\Actor_13\03-01-05-01-02-02-13.wav,03-01-05-01-02-02-13.wav,13,male,5,angry,normal,2,2,audio,speech,3.37,4
C:\Speech Emotion Recognition\notebooks\..\data\Raw\Audio_Speech_Actors_01-24\Actor_13\03-01-05-02-01-01-13.wav,03-01-05-02-01-01-13.wav,13,male,5,angry,strong,1,1,audio,speech,3.67,4
C:\Speech Emotion Recognition\notebooks\..\data\Raw\Audio_Speech_Actors_01-24\Actor_13\03-01-05-02-01-02-13.wav,03-01-05-02-01-02-13.wav,13,male,5,angry,strong,1,2,audio,speech,4.271,4
C:\Speech Emotion Recognition\notebooks\..\data\Raw\Audio_Speech_Actors_01-24\Actor_13\03-01-05-02-02-01-13.wav,03-01-05-02-02-01-13.wav,13,male,5,angry,strong,2,1,audio,speech,3.57,4
C:\Speech Emotion Recognition\notebooks\..\data\Raw\Audio_Speech_Actors_01-24\Actor_13\03-01-05-02-02-02-13.wav,03-01-05-02-02-02-13.wav,13,male,5,angry,strong,2,2,audio,speech,4.171,4
C:\Speech Emotion Recognition\notebooks\..\data\Raw\Audio_Speech_Actors_01-24\Actor_13\03-01-06-01-01-01-13.wav,03-01-06-01-01-01-13.wav,13,male,6,fearful,normal,1,1,audio,speech,3.136,5
C:\Speech Emotion Recognition\notebooks\..\data\Raw\Audio_Speech_Actors_01-24\Actor_13\03-01-06-01-01-02-13.wav,03-01-06-01-01-02-13.wav,13,male,6,fearful,normal,1,2,audio,speech,3.17,5
C:\Speech Emotion Recognition\notebooks\..\data\Raw\Audio_Speech_Actors_01-24\Actor_13\03-01-06-01-02-01-13.wav,03-01-06-01-02-01-13.wav,13,male,6,fearful,normal,2,1,audio,speech,3.203,5
C:\Speech Emotion Recognition\notebooks\..\data\Raw\Audio_Speech_Actors_01-24\Actor_13\03-01-06-01-02-02-13.wav,03-01-06-01-02-02-13.wav,13,male,6,fearful,normal,2,2,audio,speech,3.237,5
C:\Speech Emotion Recognition\notebooks\..\data\Raw\Audio_Speech_Actors_01-24\Actor_13\03-01-06-02-01-01-13.wav,03-01-06-02-01-01-13.wav,13,male,6,fearful,strong,1,1,audio,speech,3.37,5
C:\Speech Emotion Recognition\notebooks\..\data\Raw\Audio_Speech_Actors_01-24\Actor_13\03-01-06-02-01-02-13.wav,03-01-06-02-01-02-13.wav,13,male,6,fearful,strong,1,2,audio,speech,3.27,5
C:\Speech Emotion Recognition\notebooks\..\data\Raw\Audio_Speech_Actors_01-24\Actor_13\03-01-06-02-02-01-13.wav,03-01-06-02-02-01-13.wav,13,male,6,fearful,strong,2,1,audio,speech,3.503,5
C:\Speech Emotion Recognition\notebooks\..\data\Raw\Audio_Speech_Actors_01-24\Actor_13\03-01-06-02-02-02-13.wav,03-01-06-02-02-02-13.wav,13,male,6,fearful,strong,2,2,audio,speech,3.203,5
C:\Speech Emotion Recognition\notebooks\..\data\Raw\Audio_Speech_Actors_01-24\Actor_13\03-01-07-01-01-01-13.wav,03-01-07-01-01-01-13.wav,13,male,7,disgust,normal,1,1,audio,speech,3.136,6
C:\Speech Emotion Recognition\notebooks\..\data\Raw\Audio_Speech_Actors_01-24\Actor_13\03-01-07-01-01-02-13.wav,03-01-07-01-01-02-13.wav,13,male,7,disgust,normal,1,2,audio,speech,3.17,6
C:\Speech Emotion Recognition\notebooks\..\data\Raw\Audio_Speech_Actors_01-24\Actor_13\03-01-07-01-02-01-13.wav,03-01-07-01-02-01-13.wav,13,male,7,disgust,normal,2,1,audio,speech,3.27,6
C:\Speech Emotion Recognition\notebooks\..\data\Raw\Audio_Speech_Actors_01-24\Actor_13\03-01-07-01-02-02-13.wav,03-01-07-01-02-02-13.wav,13,male,7,disgust,normal,2,2,audio,speech,3.237,6
C:\Speech Emotion Recognition\notebooks\..\data\Raw\Audio_Speech_Actors_01-24\Actor_13\03-01-07-02-01-01-13.wav,03-01-07-02-01-01-13.wav,13,male,7,disgust,strong,1,1,audio,speech,3.403,6
C:\Speech Emotion Recognition\notebooks\..\data\Raw\Audio_Speech_Actors_01-24\Actor_13\03-01-07-02-01-02-13.wav,03-01-07-02-01-02-13.wav,13,male,7,disgust,strong,1,2,audio,speech,3.704,6
C:\Speech Emotion Recognition\notebooks\..\data\Raw\Audio_Speech_Actors_01-24\Actor_13\03-01-07-02-02-01-13.wav,03-01-07-02-02-01-13.wav,13,male,7,disgust,strong,2,1,audio,speech,3.403,6
C:\Speech Emotion Recognition\notebooks\..\data\Raw\Audio_Speech_Actors_01-24\Actor_13\03-01-07-02-02-02-13.wav,03-01-07-02-02-02-13.wav,13,male,7,disgust,strong,2,2,audio,speech,3.437,6
C:\Speech Emotion Recognition\notebooks\..\data\Raw\Audio_Speech_Actors_01-24\Actor_13\03-01-08-01-01-01-13.wav,03-01-08-01-01-01-13.wav,13,male,8,surprised,normal,1,1,audio,speech,3.403,7
C:\Speech Emotion Recognition\notebooks\..\data\Raw\Audio_Speech_Actors_01-24\Actor_13\03-01-08-01-01-02-13.wav,03-01-08-01-01-02-13.wav,13,male,8,surprised,normal,1,2,audio,speech,3.136,7
C:\Speech Emotion Recognition\notebooks\..\data\Raw\Audio_Speech_Actors_01-24\Actor_13\03-01-08-01-02-01-13.wav,03-01-08-01-02-01-13.wav,13,male,8,surprised,normal,2,1,audio,speech,3.136,7
C:\Speech Emotion Recognition\notebooks\..\data\Raw\Audio_Speech_Actors_01-24\Actor_13\03-01-08-01-02-02-13.wav,03-01-08-01-02-02-13.wav,13,male,8,surprised,normal,2,2,audio,speech,3.036,7
C:\Speech Emotion Recognition\notebooks\..\data\Raw\Audio_Speech_Actors_01-24\Actor_13\03-01-08-02-01-01-13.wav,03-01-08-02-01-01-13.wav,13,male,8,surprised,strong,1,1,audio,speech,3.337,7
C:\Speech Emotion Recognition\notebooks\..\data\Raw\Audio_Speech_Actors_01-24\Actor_13\03-01-08-02-01-02-13.wav,03-01-08-02-01-02-13.wav,13,male,8,surprised,strong,1,2,audio,speech,3.303,7
C:\Speech Emotion Recognition\notebooks\..\data\Raw\Audio_Speech_Actors_01-24\Actor_13\03-01-08-02-02-01-13.wav,03-01-08-02-02-01-13.wav,13,male,8,surprised,strong,2,1,audio,speech,3.337,7
C:\Speech Emotion Recognition\notebooks\..\data\Raw\Audio_Speech_Actors_01-24\Actor_13\03-01-08-02-02-02-13.wav,03-01-08-02-02-02-13.wav,13,male,8,surprised,strong,2,2,audio,speech,3.303,7
C:\Speech Emotion Recognition\notebooks\..\data\Raw\Audio_Speech_Actors_01-24\Actor_14\03-01-01-01-01-01-14.wav,03-01-01-01-01-01-14.wav,14,female,1,neutral,normal,1,1,audio,speech,3.47,0
C:\Speech Emotion Recognition\notebooks\..\data\Raw\Audio_Speech_Actors_01-24\Actor_14\03-01-01-01-01-02-14.wav,03-01-01-01-01-02-14.wav,14,female,1,neutral,normal,1,2,audio,speech,3.337,0
C:\Speech Emotion Recognition\notebooks\..\data\Raw\Audio_Speech_Actors_01-24\Actor_14\03-01-01-01-02-01-14.wav,03-01-01-01-02-01-14.wav,14,female,1,neutral,normal,2,1,audio,speech,3.47,0
C:\Speech Emotion Recognition\notebooks\..\data\Raw\Audio_Speech_Actors_01-24\Actor_14\03-01-01-01-02-02-14.wav,03-01-01-01-02-02-14.wav,14,female,1,neutral,normal,2,2,audio,speech,3.57,0
C:\Speech Emotion Recognition\notebooks\..\data\Raw\Audio_Speech_Actors_01-24\Actor_14\03-01-02-01-01-01-14.wav,03-01-02-01-01-01-14.wav,14,female,2,calm,normal,1,1,audio,speech,3.737,1
C:\Speech Emotion Recognition\notebooks\..\data\Raw\Audio_Speech_Actors_01-24\Actor_14\03-01-02-01-01-02-14.wav,03-01-02-01-01-02-14.wav,14,female,2,calm,normal,1,2,audio,speech,3.57,1
C:\Speech Emotion Recognition\notebooks\..\data\Raw\Audio_Speech_Actors_01-24\Actor_14\03-01-02-01-02-01-14.wav,03-01-02-01-02-01-14.wav,14,female,2,calm,normal,2,1,audio,speech,3.403,1
C:\Speech Emotion Recognition\notebooks\..\data\Raw\Audio_Speech_Actors_01-24\Actor_14\03-01-02-01-02-02-14.wav,03-01-02-01-02-02-14.wav,14,female,2,calm,normal,2,2,audio,speech,3.503,1
C:\Speech Emotion Recognition\notebooks\..\data\Raw\Audio_Speech_Actors_01-24\Actor_14\03-01-02-02-01-01-14.wav,03-01-02-02-01-01-14.wav,14,female,2,calm,strong,1,1,audio,speech,3.871,1
C:\Speech Emotion Recognition\notebooks\..\data\Raw\Audio_Speech_Actors_01-24\Actor_14\03-01-02-02-01-02-14.wav,03-01-02-02-01-02-14.wav,14,female,2,calm,strong,1,2,audio,speech,3.904,1
C:\Speech Emotion Recognition\notebooks\..\data\Raw\Audio_Speech_Actors_01-24\Actor_14\03-01-02-02-02-01-14.wav,03-01-02-02-02-01-14.wav,14,female,2,calm,strong,2,1,audio,speech,3.737,1
C:\Speech Emotion Recognition\notebooks\..\data\Raw\Audio_Speech_Actors_01-24\Actor_14\03-01-02-02-02-02-14.wav,03-01-02-02-02-02-14.wav,14,female,2,calm,strong,2,2,audio,speech,3.77,1
C:\Speech Emotion Recognition\notebooks\..\data\Raw\Audio_Speech_Actors_01-24\Actor_14\03-01-03-01-01-01-14.wav,03-01-03-01-01-01-14.wav,14,female,3,happy,normal,1,1,audio,speech,3.704,2
C:\Speech Emotion Recognition\notebooks\..\data\Raw\Audio_Speech_Actors_01-24\Actor_14\03-01-03-01-01-02-14.wav,03-01-03-01-01-02-14.wav,14,female,3,happy,normal,1,2,audio,speech,3.67,2
C:\Speech Emotion Recognition\notebooks\..\data\Raw\Audio_Speech_Actors_01-24\Actor_14\03-01-03-01-02-01-14.wav,03-01-03-01-02-01-14.wav,14,female,3,happy,normal,2,1,audio,speech,3.403,2
C:\Speech Emotion Recognition\notebooks\..\data\Raw\Audio_Speech_Actors_01-24\Actor_14\03-01-03-01-02-02-14.wav,03-01-03-01-02-02-14.wav,14,female,3,happy,normal,2,2,audio,speech,3.47,2
C:\Speech Emotion Recognition\notebooks\..\data\Raw\Audio_Speech_Actors_01-24\Actor_14\03-01-03-02-01-01-14.wav,03-01-03-02-01-01-14.wav,14,female,3,happy,strong,1,1,audio,speech,3.77,2
C:\Speech Emotion Recognition\notebooks\..\data\Raw\Audio_Speech_Actors_01-24\Actor_14\03-01-03-02-01-02-14.wav,03-01-03-02-01-02-14.wav,14,female,3,happy,strong,1,2,audio,speech,3.737,2
C:\Speech Emotion Recognition\notebooks\..\data\Raw\Audio_Speech_Actors_01-24\Actor_14\03-01-03-02-02-01-14.wav,03-01-03-02-02-01-14.wav,14,female,3,happy,strong,2,1,audio,speech,3.837,2
C:\Speech Emotion Recognition\notebooks\..\data\Raw\Audio_Speech_Actors_01-24\Actor_14\03-01-03-02-02-02-14.wav,03-01-03-02-02-02-14.wav,14,female,3,happy,strong,2,2,audio,speech,3.737,2
C:\Speech Emotion Recognition\notebooks\..\data\Raw\Audio_Speech_Actors_01-24\Actor_14\03-01-04-01-01-01-14.wav,03-01-04-01-01-01-14.wav,14,female,4,sad,normal,1,1,audio,speech,3.737,3
C:\Speech Emotion Recognition\notebooks\..\data\Raw\Audio_Speech_Actors_01-24\Actor_14\03-01-04-01-01-02-14.wav,03-01-04-01-01-02-14.wav,14,female,4,sad,normal,1,2,audio,speech,3.604,3
C:\Speech Emotion Recognition\notebooks\..\data\Raw\Audio_Speech_Actors_01-24\Actor_14\03-01-04-01-02-01-14.wav,03-01-04-01-02-01-14.wav,14,female,4,sad,normal,2,1,audio,speech,3.604,3
C:\Speech Emotion Recognition\notebooks\..\data\Raw\Audio_Speech_Actors_01-24\Actor_14\03-01-04-01-02-02-14.wav,03-01-04-01-02-02-14.wav,14,female,4,sad,normal,2,2,audio,speech,3.537,3
C:\Speech Emotion Recognition\notebooks\..\data\Raw\Audio_Speech_Actors_01-24\Actor_14\03-01-04-02-01-01-14.wav,03-01-04-02-01-01-14.wav,14,female,4,sad,strong,1,1,audio,speech,3.871,3
C:\Speech Emotion Recognition\notebooks\..\data\Raw\Audio_Speech_Actors_01-24\Actor_14\03-01-04-02-01-02-14.wav,03-01-04-02-01-02-14.wav,14,female,4,sad,strong,1,2,audio,speech,3.67,3
C:\Speech Emotion Recognition\notebooks\..\data\Raw\Audio_Speech_Actors_01-24\Actor_14\03-01-04-02-02-01-14.wav,03-01-04-02-02-01-14.wav,14,female,4,sad,strong,2,1,audio,speech,3.67,3
C:\Speech Emotion Recognition\notebooks\..\data\Raw\Audio_Speech_Actors_01-24\Actor_14\03-01-04-02-02-02-14.wav,03-01-04-02-02-02-14.wav,14,female,4,sad,strong,2,2,audio,speech,3.904,3
C:\Speech Emotion Recognition\notebooks\..\data\Raw\Audio_Speech_Actors_01-24\Actor_14\03-01-05-01-01-01-14.wav,03-01-05-01-01-01-14.wav,14,female,5,angry,normal,1,1,audio,speech,3.604,4
C:\Speech Emotion Recognition\notebooks\..\data\Raw\Audio_Speech_Actors_01-24\Actor_14\03-01-05-01-01-02-14.wav,03-01-05-01-01-02-14.wav,14,female,5,angry,normal,1,2,audio,speech,3.704,4
C:\Speech Emotion Recognition\notebooks\..\data\Raw\Audio_Speech_Actors_01-24\Actor_14\03-01-05-01-02-01-14.wav,03-01-05-01-02-01-14.wav,14,female,5,angry,normal,2,1,audio,speech,3.737,4
C:\Speech Emotion Recognition\notebooks\..\data\Raw\Audio_Speech_Actors_01-24\Actor_14\03-01-05-01-02-02-14.wav,03-01-05-01-02-02-14.wav,14,female,5,angry,normal,2,2,audio,speech,3.904,4
C:\Speech Emotion Recognition\notebooks\..\data\Raw\Audio_Speech_Actors_01-24\Actor_14\03-01-05-02-01-01-14.wav,03-01-05-02-01-01-14.wav,14,female,5,angry,strong,1,1,audio,speech,4.271,4
C:\Speech Emotion Recognition\notebooks\..\data\Raw\Audio_Speech_Actors_01-24\Actor_14\03-01-05-02-01-02-14.wav,03-01-05-02-01-02-14.wav,14,female,5,angry,strong,1,2,audio,speech,4.371,4
C:\Speech Emotion Recognition\notebooks\..\data\Raw\Audio_Speech_Actors_01-24\Actor_14\03-01-05-02-02-01-14.wav,03-01-05-02-02-01-14.wav,14,female,5,angry,strong,2,1,audio,speech,4.171,4
C:\Speech Emotion Recognition\notebooks\..\data\Raw\Audio_Speech_Actors_01-24\Actor_14\03-01-05-02-02-02-14.wav,03-01-05-02-02-02-14.wav,14,female,5,angry,strong,2,2,audio,speech,4.404,4
C:\Speech Emotion Recognition\notebooks\..\data\Raw\Audio_Speech_Actors_01-24\Actor_14\03-01-06-01-01-01-14.wav,03-01-06-01-01-01-14.wav,14,female,6,fearful,normal,1,1,audio,speech,3.37,5
C:\Speech Emotion Recognition\notebooks\..\data\Raw\Audio_Speech_Actors_01-24\Actor_14\03-01-06-01-01-02-14.wav,03-01-06-01-01-02-14.wav,14,female,6,fearful,normal,1,2,audio,speech,3.57,5
C:\Speech Emotion Recognition\notebooks\..\data\Raw\Audio_Speech_Actors_01-24\Actor_14\03-01-06-01-02-01-14.wav,03-01-06-01-02-01-14.wav,14,female,6,fearful,normal,2,1,audio,speech,3.37,5
C:\Speech Emotion Recognition\notebooks\..\data\Raw\Audio_Speech_Actors_01-24\Actor_14\03-01-06-01-02-02-14.wav,03-01-06-01-02-02-14.wav,14,female,6,fearful,normal,2,2,audio,speech,3.37,5
C:\Speech Emotion Recognition\notebooks\..\data\Raw\Audio_Speech_Actors_01-24\Actor_14\03-01-06-02-01-01-14.wav,03-01-06-02-01-01-14.wav,14,female,6,fearful,strong,1,1,audio,speech,3.37,5
C:\Speech Emotion Recognition\notebooks\..\data\Raw\Audio_Speech_Actors_01-24\Actor_14\03-01-06-02-01-02-14.wav,03-01-06-02-01-02-14.wav,14,female,6,fearful,strong,1,2,audio,speech,3.403,5
C:\Speech Emotion Recognition\notebooks\..\data\Raw\Audio_Speech_Actors_01-24\Actor_14\03-01-06-02-02-01-14.wav,03-01-06-02-02-01-14.wav,14,female,6,fearful,strong,2,1,audio,speech,3.503,5
C:\Speech Emotion Recognition\notebooks\..\data\Raw\Audio_Speech_Actors_01-24\Actor_14\03-01-06-02-02-02-14.wav,03-01-06-02-02-02-14.wav,14,female,6,fearful,strong,2,2,audio,speech,3.47,5
C:\Speech Emotion Recognition\notebooks\..\data\Raw\Audio_Speech_Actors_01-24\Actor_14\03-01-07-01-01-01-14.wav,03-01-07-01-01-01-14.wav,14,female,7,disgust,normal,1,1,audio,speech,3.77,6
C:\Speech Emotion Recognition\notebooks\..\data\Raw\Audio_Speech_Actors_01-24\Actor_14\03-01-07-01-01-02-14.wav,03-01-07-01-01-02-14.wav,14,female,7,disgust,normal,1,2,audio,speech,3.637,6
C:\Speech Emotion Recognition\notebooks\..\data\Raw\Audio_Speech_Actors_01-24\Actor_14\03-01-07-01-02-01-14.wav,03-01-07-01-02-01-14.wav,14,female,7,disgust,normal,2,1,audio,speech,3.737,6
C:\Speech Emotion Recognition\notebooks\..\data\Raw\Audio_Speech_Actors_01-24\Actor_14\03-01-07-01-02-02-14.wav,03-01-07-01-02-02-14.wav,14,female,7,disgust,normal,2,2,audio,speech,3.77,6
C:\Speech Emotion Recognition\notebooks\..\data\Raw\Audio_Speech_Actors_01-24\Actor_14\03-01-07-02-01-01-14.wav,03-01-07-02-01-01-14.wav,14,female,7,disgust,strong,1,1,audio,speech,3.937,6
C:\Speech Emotion Recognition\notebooks\..\data\Raw\Audio_Speech_Actors_01-24\Actor_14\03-01-07-02-01-02-14.wav,03-01-07-02-01-02-14.wav,14,female,7,disgust,strong,1,2,audio,speech,3.737,6
C:\Speech Emotion Recognition\notebooks\..\data\Raw\Audio_Speech_Actors_01-24\Actor_14\03-01-07-02-02-01-14.wav,03-01-07-02-02-01-14.wav,14,female,7,disgust,strong,2,1,audio,speech,3.67,6
C:\Speech Emotion Recognition\notebooks\..\data\Raw\Audio_Speech_Actors_01-24\Actor_14\03-01-07-02-02-02-14.wav,03-01-07-02-02-02-14.wav,14,female,7,disgust,strong,2,2,audio,speech,3.804,6
C:\Speech Emotion Recognition\notebooks\..\data\Raw\Audio_Speech_Actors_01-24\Actor_14\03-01-08-01-01-01-14.wav,03-01-08-01-01-01-14.wav,14,female,8,surprised,normal,1,1,audio,speech,3.637,7
C:\Speech Emotion Recognition\notebooks\..\data\Raw\Audio_Speech_Actors_01-24\Actor_14\03-01-08-01-01-02-14.wav,03-01-08-01-01-02-14.wav,14,female,8,surprised,normal,1,2,audio,speech,3.57,7
C:\Speech Emotion Recognition\notebooks\..\data\Raw\Audio_Speech_Actors_01-24\Actor_14\03-01-08-01-02-01-14.wav,03-01-08-01-02-01-14.wav,14,female,8,surprised,normal,2,1,audio,speech,3.203,7
C:\Speech Emotion Recognition\notebooks\..\data\Raw\Audio_Speech_Actors_01-24\Actor_14\03-01-08-01-02-02-14.wav,03-01-08-01-02-02-14.wav,14,female,8,surprised,normal,2,2,audio,speech,3.303,7
C:\Speech Emotion Recognition\notebooks\..\data\Raw\Audio_Speech_Actors_01-24\Actor_14\03-01-08-02-01-01-14.wav,03-01-08-02-01-01-14.wav,14,female,8,surprised,strong,1,1,audio,speech,3.971,7
C:\Speech Emotion Recognition\notebooks\..\data\Raw\Audio_Speech_Actors_01-24\Actor_14\03-01-08-02-01-02-14.wav,03-01-08-02-01-02-14.wav,14,female,8,surprised,strong,1,2,audio,speech,3.704,7
C:\Speech Emotion Recognition\notebooks\..\data\Raw\Audio_Speech_Actors_01-24\Actor_14\03-01-08-02-02-01-14.wav,03-01-08-02-02-01-14.wav,14,female,8,surprised,strong,2,1,audio,speech,3.704,7
C:\Speech Emotion Recognition\notebooks\..\data\Raw\Audio_Speech_Actors_01-24\Actor_14\03-01-08-02-02-02-14.wav,03-01-08-02-02-02-14.wav,14,female,8,surprised,strong,2,2,audio,speech,3.737,7
C:\Speech Emotion Recognition\notebooks\..\data\Raw\Audio_Speech_Actors_01-24\Actor_15\03-01-01-01-01-01-15.wav,03-01-01-01-01-01-15.wav,15,male,1,neutral,normal,1,1,audio,speech,3.37,0
C:\Speech Emotion Recognition\notebooks\..\data\Raw\Audio_Speech_Actors_01-24\Actor_15\03-01-01-01-01-02-15.wav,03-01-01-01-01-02-15.wav,15,male,1,neutral,normal,1,2,audio,speech,3.437,0
C:\Speech Emotion Recognition\notebooks\..\data\Raw\Audio_Speech_Actors_01-24\Actor_15\03-01-01-01-02-01-15.wav,03-01-01-01-02-01-15.wav,15,male,1,neutral,normal,2,1,audio,speech,3.437,0
C:\Speech Emotion Recognition\notebooks\..\data\Raw\Audio_Speech_Actors_01-24\Actor_15\03-01-01-01-02-02-15.wav,03-01-01-01-02-02-15.wav,15,male,1,neutral,normal,2,2,audio,speech,3.403,0
C:\Speech Emotion Recognition\notebooks\..\data\Raw\Audio_Speech_Actors_01-24\Actor_15\03-01-02-01-01-01-15.wav,03-01-02-01-01-01-15.wav,15,male,2,calm,normal,1,1,audio,speech,3.57,1
C:\Speech Emotion Recognition\notebooks\..\data\Raw\Audio_Speech_Actors_01-24\Actor_15\03-01-02-01-01-02-15.wav,03-01-02-01-01-02-15.wav,15,male,2,calm,normal,1,2,audio,speech,3.57,1
C:\Speech Emotion Recognition\notebooks\..\data\Raw\Audio_Speech_Actors_01-24\Actor_15\03-01-02-01-02-01-15.wav,03-01-02-01-02-01-15.wav,15,male,2,calm,normal,2,1,audio,speech,3.737,1
C:\Speech Emotion Recognition\notebooks\..\data\Raw\Audio_Speech_Actors_01-24\Actor_15\03-01-02-01-02-02-15.wav,03-01-02-01-02-02-15.wav,15,male,2,calm,normal,2,2,audio,speech,3.57,1
C:\Speech Emotion Recognition\notebooks\..\data\Raw\Audio_Speech_Actors_01-24\Actor_15\03-01-02-02-01-01-15.wav,03-01-02-02-01-01-15.wav,15,male,2,calm,strong,1,1,audio,speech,3.67,1
C:\Speech Emotion Recognition\notebooks\..\data\Raw\Audio_Speech_Actors_01-24\Actor_15\03-01-02-02-01-02-15.wav,03-01-02-02-01-02-15.wav,15,male,2,calm,strong,1,2,audio,speech,3.804,1
C:\Speech Emotion Recognition\notebooks\..\data\Raw\Audio_Speech_Actors_01-24\Actor_15\03-01-02-02-02-01-15.wav,03-01-02-02-02-01-15.wav,15,male,2,calm,strong,2,1,audio,speech,3.937,1
C:\Speech Emotion Recognition\notebooks\..\data\Raw\Audio_Speech_Actors_01-24\Actor_15\03-01-02-02-02-02-15.wav,03-01-02-02-02-02-15.wav,15,male,2,calm,strong,2,2,audio,speech,3.604,1
C:\Speech Emotion Recognition\notebooks\..\data\Raw\Audio_Speech_Actors_01-24\Actor_15\03-01-03-01-01-01-15.wav,03-01-03-01-01-01-15.wav,15,male,3,happy,normal,1,1,audio,speech,3.403,2
C:\Speech Emotion Recognition\notebooks\..\data\Raw\Audio_Speech_Actors_01-24\Actor_15\03-01-03-01-01-02-15.wav,03-01-03-01-01-02-15.wav,15,male,3,happy,normal,1,2,audio,speech,3.337,2
C:\Speech Emotion Recognition\notebooks\..\data\Raw\Audio_Speech_Actors_01-24\Actor_15\03-01-03-01-02-01-15.wav,03-01-03-01-02-01-15.wav,15,male,3,happy,normal,2,1,audio,speech,3.337,2
C:\Speech Emotion Recognition\notebooks\..\data\Raw\Audio_Speech_Actors_01-24\Actor_15\03-01-03-01-02-02-15.wav,03-01-03-01-02-02-15.wav,15,male,3,happy,normal,2,2,audio,speech,3.437,2
C:\Speech Emotion Recognition\notebooks\..\data\Raw\Audio_Speech_Actors_01-24\Actor_15\03-01-03-02-01-01-15.wav,03-01-03-02-01-01-15.wav,15,male,3,happy,strong,1,1,audio,speech,3.57,2
C:\Speech Emotion Recognition\notebooks\..\data\Raw\Audio_Speech_Actors_01-24\Actor_15\03-01-03-02-01-02-15.wav,03-01-03-02-01-02-15.wav,15,male,3,happy,strong,1,2,audio,speech,3.47,2
C:\Speech Emotion Recognition\notebooks\..\data\Raw\Audio_Speech_Actors_01-24\Actor_15\03-01-03-02-02-01-15.wav,03-01-03-02-02-01-15.wav,15,male,3,happy,strong,2,1,audio,speech,3.804,2
C:\Speech Emotion Recognition\notebooks\..\data\Raw\Audio_Speech_Actors_01-24\Actor_15\03-01-03-02-02-02-15.wav,03-01-03-02-02-02-15.wav,15,male,3,happy,strong,2,2,audio,speech,3.37,2
C:\Speech Emotion Recognition\notebooks\..\data\Raw\Audio_Speech_Actors_01-24\Actor_15\03-01-04-01-01-01-15.wav,03-01-04-01-01-01-15.wav,15,male,4,sad,normal,1,1,audio,speech,3.503,3
C:\Speech Emotion Recognition\notebooks\..\data\Raw\Audio_Speech_Actors_01-24\Actor_15\03-01-04-01-01-02-15.wav,03-01-04-01-01-02-15.wav,15,male,4,sad,normal,1,2,audio,speech,3.303,3
C:\Speech Emotion Recognition\notebooks\..\data\Raw\Audio_Speech_Actors_01-24\Actor_15\03-01-04-01-02-01-15.wav,03-01-04-01-02-01-15.wav,15,male,4,sad,normal,2,1,audio,speech,3.303,3
C:\Speech Emotion Recognition\notebooks\..\data\Raw\Audio_Speech_Actors_01-24\Actor_15\03-01-04-01-02-02-15.wav,03-01-04-01-02-02-15.wav,15,male,4,sad,normal,2,2,audio,speech,3.37,3
C:\Speech Emotion Recognition\notebooks\..\data\Raw\Audio_Speech_Actors_01-24\Actor_15\03-01-04-02-01-01-15.wav,03-01-04-02-01-01-15.wav,15,male,4,sad,strong,1,1,audio,speech,3.27,3
C:\Speech Emotion Recognition\notebooks\..\data\Raw\Audio_Speech_Actors_01-24\Actor_15\03-01-04-02-01-02-15.wav,03-01-04-02-01-02-15.wav,15,male,4,sad,strong,1,2,audio,speech,3.403,3
C:\Speech Emotion Recognition\notebooks\..\data\Raw\Audio_Speech_Actors_01-24\Actor_15\03-01-04-02-02-01-15.wav,03-01-04-02-02-01-15.wav,15,male,4,sad,strong,2,1,audio,speech,3.537,3
C:\Speech Emotion Recognition\notebooks\..\data\Raw\Audio_Speech_Actors_01-24\Actor_15\03-01-04-02-02-02-15.wav,03-01-04-02-02-02-15.wav,15,male,4,sad,strong,2,2,audio,speech,3.437,3
C:\Speech Emotion Recognition\notebooks\..\data\Raw\Audio_Speech_Actors_01-24\Actor_15\03-01-05-01-01-01-15.wav,03-01-05-01-01-01-15.wav,15,male,5,angry,normal,1,1,audio,speech,3.637,4
C:\Speech Emotion Recognition\notebooks\..\data\Raw\Audio_Speech_Actors_01-24\Actor_15\03-01-05-01-01-02-15.wav,03-01-05-01-01-02-15.wav,15,male,5,angry,normal,1,2,audio,speech,3.604,4
C:\Speech Emotion Recognition\notebooks\..\data\Raw\Audio_Speech_Actors_01-24\Actor_15\03-01-05-01-02-01-15.wav,03-01-05-01-02-01-15.wav,15,male,5,angry,normal,2,1,audio,speech,3.704,4
C:\Speech Emotion Recognition\notebooks\..\data\Raw\Audio_Speech_Actors_01-24\Actor_15\03-01-05-01-02-02-15.wav,03-01-05-01-02-02-15.wav,15,male,5,angry,normal,2,2,audio,speech,3.537,4
C:\Speech Emotion Recognition\notebooks\..\data\Raw\Audio_Speech_Actors_01-24\Actor_15\03-01-05-02-01-01-15.wav,03-01-05-02-01-01-15.wav,15,male,5,angry,strong,1,1,audio,speech,3.537,4
C:\Speech Emotion Recognition\notebooks\..\data\Raw\Audio_Speech_Actors_01-24\Actor_15\03-01-05-02-01-02-15.wav,03-01-05-02-01-02-15.wav,15,male,5,angry,strong,1,2,audio,speech,3.737,4
C:\Speech Emotion Recognition\notebooks\..\data\Raw\Audio_Speech_Actors_01-24\Actor_15\03-01-05-02-02-01-15.wav,03-01-05-02-02-01-15.wav,15,male,5,angry,strong,2,1,audio,speech,3.47,4
C:\Speech Emotion Recognition\notebooks\..\data\Raw\Audio_Speech_Actors_01-24\Actor_15\03-01-05-02-02-02-15.wav,03-01-05-02-02-02-15.wav,15,male,5,angry,strong,2,2,audio,speech,3.604,4
C:\Speech Emotion Recognition\notebooks\..\data\Raw\Audio_Speech_Actors_01-24\Actor_15\03-01-06-01-01-01-15.wav,03-01-06-01-01-01-15.wav,15,male,6,fearful,normal,1,1,audio,speech,3.303,5
C:\Speech Emotion Recognition\notebooks\..\data\Raw\Audio_Speech_Actors_01-24\Actor_15\03-01-06-01-01-02-15.wav,03-01-06-01-01-02-15.wav,15,male,6,fearful,normal,1,2,audio,speech,3.303,5
C:\Speech Emotion Recognition\notebooks\..\data\Raw\Audio_Speech_Actors_01-24\Actor_15\03-01-06-01-02-01-15.wav,03-01-06-01-02-01-15.wav,15,male,6,fearful,normal,2,1,audio,speech,3.27,5
C:\Speech Emotion Recognition\notebooks\..\data\Raw\Audio_Speech_Actors_01-24\Actor_15\03-01-06-01-02-02-15.wav,03-01-06-01-02-02-15.wav,15,male,6,fearful,normal,2,2,audio,speech,3.303,5
C:\Speech Emotion Recognition\notebooks\..\data\Raw\Audio_Speech_Actors_01-24\Actor_15\03-01-06-02-01-01-15.wav,03-01-06-02-01-01-15.wav,15,male,6,fearful,strong,1,1,audio,speech,3.337,5
C:\Speech Emotion Recognition\notebooks\..\data\Raw\Audio_Speech_Actors_01-24\Actor_15\03-01-06-02-01-02-15.wav,03-01-06-02-01-02-15.wav,15,male,6,fearful,strong,1,2,audio,speech,3.47,5
C:\Speech Emotion Recognition\notebooks\..\data\Raw\Audio_Speech_Actors_01-24\Actor_15\03-01-06-02-02-01-15.wav,03-01-06-02-02-01-15.wav,15,male,6,fearful,strong,2,1,audio,speech,3.37,5
C:\Speech Emotion Recognition\notebooks\..\data\Raw\Audio_Speech_Actors_01-24\Actor_15\03-01-06-02-02-02-15.wav,03-01-06-02-02-02-15.wav,15,male,6,fearful,strong,2,2,audio,speech,3.503,5
C:\Speech Emotion Recognition\notebooks\..\data\Raw\Audio_Speech_Actors_01-24\Actor_15\03-01-07-01-01-01-15.wav,03-01-07-01-01-01-15.wav,15,male,7,disgust,normal,1,1,audio,speech,3.737,6
C:\Speech Emotion Recognition\notebooks\..\data\Raw\Audio_Speech_Actors_01-24\Actor_15\03-01-07-01-01-02-15.wav,03-01-07-01-01-02-15.wav,15,male,7,disgust,normal,1,2,audio,speech,3.637,6
C:\Speech Emotion Recognition\notebooks\..\data\Raw\Audio_Speech_Actors_01-24\Actor_15\03-01-07-01-02-01-15.wav,03-01-07-01-02-01-15.wav,15,male,7,disgust,normal,2,1,audio,speech,3.67,6
C:\Speech Emotion Recognition\notebooks\..\data\Raw\Audio_Speech_Actors_01-24\Actor_15\03-01-07-01-02-02-15.wav,03-01-07-01-02-02-15.wav,15,male,7,disgust,normal,2,2,audio,speech,4.071,6
C:\Speech Emotion Recognition\notebooks\..\data\Raw\Audio_Speech_Actors_01-24\Actor_15\03-01-07-02-01-01-15.wav,03-01-07-02-01-01-15.wav,15,male,7,disgust,strong,1,1,audio,speech,3.704,6
C:\Speech Emotion Recognition\notebooks\..\data\Raw\Audio_Speech_Actors_01-24\Actor_15\03-01-07-02-01-02-15.wav,03-01-07-02-01-02-15.wav,15,male,7,disgust,strong,1,2,audio,speech,3.37,6
C:\Speech Emotion Recognition\notebooks\..\data\Raw\Audio_Speech_Actors_01-24\Actor_15\03-01-07-02-02-01-15.wav,03-01-07-02-02-01-15.wav,15,male,7,disgust,strong,2,1,audio,speech,3.303,6
C:\Speech Emotion Recognition\notebooks\..\data\Raw\Audio_Speech_Actors_01-24\Actor_15\03-01-07-02-02-02-15.wav,03-01-07-02-02-02-15.wav,15,male,7,disgust,strong,2,2,audio,speech,3.47,6
C:\Speech Emotion Recognition\notebooks\..\data\Raw\Audio_Speech_Actors_01-24\Actor_15\03-01-08-01-01-01-15.wav,03-01-08-01-01-01-15.wav,15,male,8,surprised,normal,1,1,audio,speech,3.637,7
C:\Speech Emotion Recognition\notebooks\..\data\Raw\Audio_Speech_Actors_01-24\Actor_15\03-01-08-01-01-02-15.wav,03-01-08-01-01-02-15.wav,15,male,8,surprised,normal,1,2,audio,speech,3.437,7
C:\Speech Emotion Recognition\notebooks\..\data\Raw\Audio_Speech_Actors_01-24\Actor_15\03-01-08-01-02-01-15.wav,03-01-08-01-02-01-15.wav,15,male,8,surprised,normal,2,1,audio,speech,3.704,7
C:\Speech Emotion Recognition\notebooks\..\data\Raw\Audio_Speech_Actors_01-24\Actor_15\03-01-08-01-02-02-15.wav,03-01-08-01-02-02-15.wav,15,male,8,surprised,normal,2,2,audio,speech,3.37,7
C:\Speech Emotion Recognition\notebooks\..\data\Raw\Audio_Speech_Actors_01-24\Actor_15\03-01-08-02-01-01-15.wav,03-01-08-02-01-01-15.wav,15,male,8,surprised,strong,1,1,audio,speech,3.37,7
C:\Speech Emotion Recognition\notebooks\..\data\Raw\Audio_Speech_Actors_01-24\Actor_15\03-01-08-02-01-02-15.wav,03-01-08-02-01-02-15.wav,15,male,8,surprised,strong,1,2,audio,speech,3.303,7
C:\Speech Emotion Recognition\notebooks\..\data\Raw\Audio_Speech_Actors_01-24\Actor_15\03-01-08-02-02-01-15.wav,03-01-08-02-02-01-15.wav,15,male,8,surprised,strong,2,1,audio,speech,3.203,7
C:\Speech Emotion Recognition\notebooks\..\data\Raw\Audio_Speech_Actors_01-24\Actor_15\03-01-08-02-02-02-15.wav,03-01-08-02-02-02-15.wav,15,male,8,surprised,strong,2,2,audio,speech,3.337,7
C:\Speech Emotion Recognition\notebooks\..\data\Raw\Audio_Speech_Actors_01-24\Actor_16\03-01-01-01-01-01-16.wav,03-01-01-01-01-01-16.wav,16,female,1,neutral,normal,1,1,audio,speech,3.737,0
C:\Speech Emotion Recognition\notebooks\..\data\Raw\Audio_Speech_Actors_01-24\Actor_16\03-01-01-01-01-02-16.wav,03-01-01-01-01-02-16.wav,16,female,1,neutral,normal,1,2,audio,speech,3.737,0
C:\Speech Emotion Recognition\notebooks\..\data\Raw\Audio_Speech_Actors_01-24\Actor_16\03-01-01-01-02-01-16.wav,03-01-01-01-02-01-16.wav,16,female,1,neutral,normal,2,1,audio,speech,3.604,0
C:\Speech Emotion Recognition\notebooks\..\data\Raw\Audio_Speech_Actors_01-24\Actor_16\03-01-01-01-02-02-16.wav,03-01-01-01-02-02-16.wav,16,female,1,neutral,normal,2,2,audio,speech,3.57,0
C:\Speech Emotion Recognition\notebooks\..\data\Raw\Audio_Speech_Actors_01-24\Actor_16\03-01-02-01-01-01-16.wav,03-01-02-01-01-01-16.wav,16,female,2,calm,normal,1,1,audio,speech,3.704,1
C:\Speech Emotion Recognition\notebooks\..\data\Raw\Audio_Speech_Actors_01-24\Actor_16\03-01-02-01-01-02-16.wav,03-01-02-01-01-02-16.wav,16,female,2,calm,normal,1,2,audio,speech,3.871,1
C:\Speech Emotion Recognition\notebooks\..\data\Raw\Audio_Speech_Actors_01-24\Actor_16\03-01-02-01-02-01-16.wav,03-01-02-01-02-01-16.wav,16,female,2,calm,normal,2,1,audio,speech,3.804,1
C:\Speech Emotion Recognition\notebooks\..\data\Raw\Audio_Speech_Actors_01-24\Actor_16\03-01-02-01-02-02-16.wav,03-01-02-01-02-02-16.wav,16,female,2,calm,normal,2,2,audio,speech,3.67,1
C:\Speech Emotion Recognition\notebooks\..\data\Raw\Audio_Speech_Actors_01-24\Actor_16\03-01-02-02-01-01-16.wav,03-01-02-02-01-01-16.wav,16,female,2,calm,strong,1,1,audio,speech,3.871,1
C:\Speech Emotion Recognition\notebooks\..\data\Raw\Audio_Speech_Actors_01-24\Actor_16\03-01-02-02-01-02-16.wav,03-01-02-02-01-02-16.wav,16,female,2,calm,strong,1,2,audio,speech,3.937,1
C:\Speech Emotion Recognition\notebooks\..\data\Raw\Audio_Speech_Actors_01-24\Actor_16\03-01-02-02-02-01-16.wav,03-01-02-02-02-01-16.wav,16,female,2,calm,strong,2,1,audio,speech,3.804,1
C:\Speech Emotion Recognition\notebooks\..\data\Raw\Audio_Speech_Actors_01-24\Actor_16\03-01-02-02-02-02-16.wav,03-01-02-02-02-02-16.wav,16,female,2,calm,strong,2,2,audio,speech,3.804,1
C:\Speech Emotion Recognition\notebooks\..\data\Raw\Audio_Speech_Actors_01-24\Actor_16\03-01-03-01-01-01-16.wav,03-01-03-01-01-01-16.wav,16,female,3,happy,normal,1,1,audio,speech,3.704,2
C:\Speech Emotion Recognition\notebooks\..\data\Raw\Audio_Speech_Actors_01-24\Actor_16\03-01-03-01-01-02-16.wav,03-01-03-01-01-02-16.wav,16,female,3,happy,normal,1,2,audio,speech,3.67,2
C:\Speech Emotion Recognition\notebooks\..\data\Raw\Audio_Speech_Actors_01-24\Actor_16\03-01-03-01-02-01-16.wav,03-01-03-01-02-01-16.wav,16,female,3,happy,normal,2,1,audio,speech,3.737,2
C:\Speech Emotion Recognition\notebooks\..\data\Raw\Audio_Speech_Actors_01-24\Actor_16\03-01-03-01-02-02-16.wav,03-01-03-01-02-02-16.wav,16,female,3,happy,normal,2,2,audio,speech,3.67,2
C:\Speech Emotion Recognition\notebooks\..\data\Raw\Audio_Speech_Actors_01-24\Actor_16\03-01-03-02-01-01-16.wav,03-01-03-02-01-01-16.wav,16,female,3,happy,strong,1,1,audio,speech,3.77,2
C:\Speech Emotion Recognition\notebooks\..\data\Raw\Audio_Speech_Actors_01-24\Actor_16\03-01-03-02-01-02-16.wav,03-01-03-02-01-02-16.wav,16,female,3,happy,strong,1,2,audio,speech,3.57,2
C:\Speech Emotion Recognition\notebooks\..\data\Raw\Audio_Speech_Actors_01-24\Actor_16\03-01-03-02-02-01-16.wav,03-01-03-02-02-01-16.wav,16,female,3,happy,strong,2,1,audio,speech,3.77,2
C:\Speech Emotion Recognition\notebooks\..\data\Raw\Audio_Speech_Actors_01-24\Actor_16\03-01-03-02-02-02-16.wav,03-01-03-02-02-02-16.wav,16,female,3,happy,strong,2,2,audio,speech,3.804,2
C:\Speech Emotion Recognition\notebooks\..\data\Raw\Audio_Speech_Actors_01-24\Actor_16\03-01-04-01-01-01-16.wav,03-01-04-01-01-01-16.wav,16,female,4,sad,normal,1,1,audio,speech,3.57,3
C:\Speech Emotion Recognition\notebooks\..\data\Raw\Audio_Speech_Actors_01-24\Actor_16\03-01-04-01-01-02-16.wav,03-01-04-01-01-02-16.wav,16,female,4,sad,normal,1,2,audio,speech,3.637,3
C:\Speech Emotion Recognition\notebooks\..\data\Raw\Audio_Speech_Actors_01-24\Actor_16\03-01-04-01-02-01-16.wav,03-01-04-01-02-01-16.wav,16,female,4,sad,normal,2,1,audio,speech,3.403,3
C:\Speech Emotion Recognition\notebooks\..\data\Raw\Audio_Speech_Actors_01-24\Actor_16\03-01-04-01-02-02-16.wav,03-01-04-01-02-02-16.wav,16,female,4,sad,normal,2,2,audio,speech,3.503,3
C:\Speech Emotion Recognition\notebooks\..\data\Raw\Audio_Speech_Actors_01-24\Actor_16\03-01-04-02-01-01-16.wav,03-01-04-02-01-01-16.wav,16,female,4,sad,strong,1,1,audio,speech,3.737,3
C:\Speech Emotion Recognition\notebooks\..\data\Raw\Audio_Speech_Actors_01-24\Actor_16\03-01-04-02-01-02-16.wav,03-01-04-02-01-02-16.wav,16,female,4,sad,strong,1,2,audio,speech,3.804,3
C:\Speech Emotion Recognition\notebooks\..\data\Raw\Audio_Speech_Actors_01-24\Actor_16\03-01-04-02-02-01-16.wav,03-01-04-02-02-01-16.wav,16,female,4,sad,strong,2,1,audio,speech,3.871,3
C:\Speech Emotion Recognition\notebooks\..\data\Raw\Audio_Speech_Actors_01-24\Actor_16\03-01-04-02-02-02-16.wav,03-01-04-02-02-02-16.wav,16,female,4,sad,strong,2,2,audio,speech,3.737,3
C:\Speech Emotion Recognition\notebooks\..\data\Raw\Audio_Speech_Actors_01-24\Actor_16\03-01-05-01-01-01-16.wav,03-01-05-01-01-01-16.wav,16,female,5,angry,normal,1,1,audio,speech,3.971,4
C:\Speech Emotion Recognition\notebooks\..\data\Raw\Audio_Speech_Actors_01-24\Actor_16\03-01-05-01-01-02-16.wav,03-01-05-01-01-02-16.wav,16,female,5,angry,normal,1,2,audio,speech,4.004,4
C:\Speech Emotion Recognition\notebooks\..\data\Raw\Audio_Speech_Actors_01-24\Actor_16\03-01-05-01-02-01-16.wav,03-01-05-01-02-01-16.wav,16,female,5,angry,normal,2,1,audio,speech,3.904,4
C:\Speech Emotion Recognition\notebooks\..\data\Raw\Audio_Speech_Actors_01-24\Actor_16\03-01-05-01-02-02-16.wav,03-01-05-01-02-02-16.wav,16,female,5,angry,normal,2,2,audio,speech,3.904,4
C:\Speech Emotion Recognition\notebooks\..\data\Raw\Audio_Speech_Actors_01-24\Actor_16\03-01-05-02-01-01-16.wav,03-01-05-02-01-01-16.wav,16,female,5,angry,strong,1,1,audio,speech,3.971,4
C:\Speech Emotion Recognition\notebooks\..\data\Raw\Audio_Speech_Actors_01-24\Actor_16\03-01-05-02-01-02-16.wav,03-01-05-02-01-02-16.wav,16,female,5,angry,strong,1,2,audio,speech,3.737,4
C:\Speech Emotion Recognition\notebooks\..\data\Raw\Audio_Speech_Actors_01-24\Actor_16\03-01-05-02-02-01-16.wav,03-01-05-02-02-01-16.wav,16,female,5,angry,strong,2,1,audio,speech,3.804,4
C:\Speech Emotion Recognition\notebooks\..\data\Raw\Audio_Speech_Actors_01-24\Actor_16\03-01-05-02-02-02-16.wav,03-01-05-02-02-02-16.wav,16,female,5,angry,strong,2,2,audio,speech,4.071,4
C:\Speech Emotion Recognition\notebooks\..\data\Raw\Audio_Speech_Actors_01-24\Actor_16\03-01-06-01-01-01-16.wav,03-01-06-01-01-01-16.wav,16,female,6,fearful,normal,1,1,audio,speech,3.704,5
C:\Speech Emotion Recognition\notebooks\..\data\Raw\Audio_Speech_Actors_01-24\Actor_16\03-01-06-01-01-02-16.wav,03-01-06-01-01-02-16.wav,16,female,6,fearful,normal,1,2,audio,speech,3.503,5
C:\Speech Emotion Recognition\notebooks\..\data\Raw\Audio_Speech_Actors_01-24\Actor_16\03-01-06-01-02-01-16.wav,03-01-06-01-02-01-16.wav,16,female,6,fearful,normal,2,1,audio,speech,3.637,5
C:\Speech Emotion Recognition\notebooks\..\data\Raw\Audio_Speech_Actors_01-24\Actor_16\03-01-06-01-02-02-16.wav,03-01-06-01-02-02-16.wav,16,female,6,fearful,normal,2,2,audio,speech,3.57,5
C:\Speech Emotion Recognition\notebooks\..\data\Raw\Audio_Speech_Actors_01-24\Actor_16\03-01-06-02-01-01-16.wav,03-01-06-02-01-01-16.wav,16,female,6,fearful,strong,1,1,audio,speech,3.737,5
C:\Speech Emotion Recognition\notebooks\..\data\Raw\Audio_Speech_Actors_01-24\Actor_16\03-01-06-02-01-02-16.wav,03-01-06-02-01-02-16.wav,16,female,6,fearful,strong,1,2,audio,speech,3.737,5
C:\Speech Emotion Recognition\notebooks\..\data\Raw\Audio_Speech_Actors_01-24\Actor_16\03-01-06-02-02-01-16.wav,03-01-06-02-02-01-16.wav,16,female,6,fearful,strong,2,1,audio,speech,3.537,5
C:\Speech Emotion Recognition\notebooks\..\data\Raw\Audio_Speech_Actors_01-24\Actor_16\03-01-06-02-02-02-16.wav,03-01-06-02-02-02-16.wav,16,female,6,fearful,strong,2,2,audio,speech,3.503,5
C:\Speech Emotion Recognition\notebooks\..\data\Raw\Audio_Speech_Actors_01-24\Actor_16\03-01-07-01-01-01-16.wav,03-01-07-01-01-01-16.wav,16,female,7,disgust,normal,1,1,audio,speech,3.77,6
C:\Speech Emotion Recognition\notebooks\..\data\Raw\Audio_Speech_Actors_01-24\Actor_16\03-01-07-01-01-02-16.wav,03-01-07-01-01-02-16.wav,16,female,7,disgust,normal,1,2,audio,speech,3.737,6
C:\Speech Emotion Recognition\notebooks\..\data\Raw\Audio_Speech_Actors_01-24\Actor_16\03-01-07-01-02-01-16.wav,03-01-07-01-02-01-16.wav,16,female,7,disgust,normal,2,1,audio,speech,3.47,6
C:\Speech Emotion Recognition\notebooks\..\data\Raw\Audio_Speech_Actors_01-24\Actor_16\03-01-07-01-02-02-16.wav,03-01-07-01-02-02-16.wav,16,female,7,disgust,normal,2,2,audio,speech,3.57,6
C:\Speech Emotion Recognition\notebooks\..\data\Raw\Audio_Speech_Actors_01-24\Actor_16\03-01-07-02-01-01-16.wav,03-01-07-02-01-01-16.wav,16,female,7,disgust,strong,1,1,audio,speech,4.271,6
C:\Speech Emotion Recognition\notebooks\..\data\Raw\Audio_Speech_Actors_01-24\Actor_16\03-01-07-02-01-02-16.wav,03-01-07-02-01-02-16.wav,16,female,7,disgust,strong,1,2,audio,speech,4.238,6
C:\Speech Emotion Recognition\notebooks\..\data\Raw\Audio_Speech_Actors_01-24\Actor_16\03-01-07-02-02-01-16.wav,03-01-07-02-02-01-16.wav,16,female,7,disgust,strong,2,1,audio,speech,4.137,6
C:\Speech Emotion Recognition\notebooks\..\data\Raw\Audio_Speech_Actors_01-24\Actor_16\03-01-07-02-02-02-16.wav,03-01-07-02-02-02-16.wav,16,female,7,disgust,strong,2,2,audio,speech,4.137,6
C:\Speech Emotion Recognition\notebooks\..\data\Raw\Audio_Speech_Actors_01-24\Actor_16\03-01-08-01-01-01-16.wav,03-01-08-01-01-01-16.wav,16,female,8,surprised,normal,1,1,audio,speech,3.537,7
C:\Speech Emotion Recognition\notebooks\..\data\Raw\Audio_Speech_Actors_01-24\Actor_16\03-01-08-01-01-02-16.wav,03-01-08-01-01-02-16.wav,16,female,8,surprised,normal,1,2,audio,speech,3.437,7
C:\Speech Emotion Recognition\notebooks\..\data\Raw\Audio_Speech_Actors_01-24\Actor_16\03-01-08-01-02-01-16.wav,03-01-08-01-02-01-16.wav,16,female,8,surprised,normal,2,1,audio,speech,3.503,7
C:\Speech Emotion Recognition\notebooks\..\data\Raw\Audio_Speech_Actors_01-24\Actor_16\03-01-08-01-02-02-16.wav,03-01-08-01-02-02-16.wav,16,female,8,surprised,normal,2,2,audio,speech,3.437,7
C:\Speech Emotion Recognition\notebooks\..\data\Raw\Audio_Speech_Actors_01-24\Actor_16\03-01-08-02-01-01-16.wav,03-01-08-02-01-01-16.wav,16,female,8,surprised,strong,1,1,audio,speech,3.537,7
C:\Speech Emotion Recognition\notebooks\..\data\Raw\Audio_Speech_Actors_01-24\Actor_16\03-01-08-02-01-02-16.wav,03-01-08-02-01-02-16.wav,16,female,8,surprised,strong,1,2,audio,speech,3.537,7
C:\Speech Emotion Recognition\notebooks\..\data\Raw\Audio_Speech_Actors_01-24\Actor_16\03-01-08-02-02-01-16.wav,03-01-08-02-02-01-16.wav,16,female,8,surprised,strong,2,1,audio,speech,3.57,7
C:\Speech Emotion Recognition\notebooks\..\data\Raw\Audio_Speech_Actors_01-24\Actor_16\03-01-08-02-02-02-16.wav,03-01-08-02-02-02-16.wav,16,female,8,surprised,strong,2,2,audio,speech,3.57,7
C:\Speech Emotion Recognition\notebooks\..\data\Raw\Audio_Speech_Actors_01-24\Actor_17\03-01-01-01-01-01-17.wav,03-01-01-01-01-01-17.wav,17,male,1,neutral,normal,1,1,audio,speech,3.837,0
C:\Speech Emotion Recognition\notebooks\..\data\Raw\Audio_Speech_Actors_01-24\Actor_17\03-01-01-01-01-02-17.wav,03-01-01-01-01-02-17.wav,17,male,1,neutral,normal,1,2,audio,speech,3.503,0
C:\Speech Emotion Recognition\notebooks\..\data\Raw\Audio_Speech_Actors_01-24\Actor_17\03-01-01-01-02-01-17.wav,03-01-01-01-02-01-17.wav,17,male,1,neutral,normal,2,1,audio,speech,3.503,0
C:\Speech Emotion Recognition\notebooks\..\data\Raw\Audio_Speech_Actors_01-24\Actor_17\03-01-01-01-02-02-17.wav,03-01-01-01-02-02-17.wav,17,male,1,neutral,normal,2,2,audio,speech,3.47,0
C:\Speech Emotion Recognition\notebooks\..\data\Raw\Audio_Speech_Actors_01-24\Actor_17\03-01-02-01-01-01-17.wav,03-01-02-01-01-01-17.wav,17,male,2,calm,normal,1,1,audio,speech,3.503,1
C:\Speech Emotion Recognition\notebooks\..\data\Raw\Audio_Speech_Actors_01-24\Actor_17\03-01-02-01-01-02-17.wav,03-01-02-01-01-02-17.wav,17,male,2,calm,normal,1,2,audio,speech,3.537,1
C:\Speech Emotion Recognition\notebooks\..\data\Raw\Audio_Speech_Actors_01-24\Actor_17\03-01-02-01-02-01-17.wav,03-01-02-01-02-01-17.wav,17,male,2,calm,normal,2,1,audio,speech,3.737,1
C:\Speech Emotion Recognition\notebooks\..\data\Raw\Audio_Speech_Actors_01-24\Actor_17\03-01-02-01-02-02-17.wav,03-01-02-01-02-02-17.wav,17,male,2,calm,normal,2,2,audio,speech,3.77,1
C:\Speech Emotion Recognition\notebooks\..\data\Raw\Audio_Speech_Actors_01-24\Actor_17\03-01-02-02-01-01-17.wav,03-01-02-02-01-01-17.wav,17,male,2,calm,strong,1,1,audio,speech,3.871,1
C:\Speech Emotion Recognition\notebooks\..\data\Raw\Audio_Speech_Actors_01-24\Actor_17\03-01-02-02-01-02-17.wav,03-01-02-02-01-02-17.wav,17,male,2,calm,strong,1,2,audio,speech,3.604,1
C:\Speech Emotion Recognition\notebooks\..\data\Raw\Audio_Speech_Actors_01-24\Actor_17\03-01-02-02-02-01-17.wav,03-01-02-02-02-01-17.wav,17,male,2,calm,strong,2,1,audio,speech,3.837,1
C:\Speech Emotion Recognition\notebooks\..\data\Raw\Audio_Speech_Actors_01-24\Actor_17\03-01-02-02-02-02-17.wav,03-01-02-02-02-02-17.wav,17,male,2,calm,strong,2,2,audio,speech,3.537,1
C:\Speech Emotion Recognition\notebooks\..\data\Raw\Audio_Speech_Actors_01-24\Actor_17\03-01-03-01-01-01-17.wav,03-01-03-01-01-01-17.wav,17,male,3,happy,normal,1,1,audio,speech,3.47,2
C:\Speech Emotion Recognition\notebooks\..\data\Raw\Audio_Speech_Actors_01-24\Actor_17\03-01-03-01-01-02-17.wav,03-01-03-01-01-02-17.wav,17,male,3,happy,normal,1,2,audio,speech,3.537,2
C:\Speech Emotion Recognition\notebooks\..\data\Raw\Audio_Speech_Actors_01-24\Actor_17\03-01-03-01-02-01-17.wav,03-01-03-01-02-01-17.wav,17,male,3,happy,normal,2,1,audio,speech,3.47,2
C:\Speech Emotion Recognition\notebooks\..\data\Raw\Audio_Speech_Actors_01-24\Actor_17\03-01-03-01-02-02-17.wav,03-01-03-01-02-02-17.wav,17,male,3,happy,normal,2,2,audio,speech,3.537,2
C:\Speech Emotion Recognition\notebooks\..\data\Raw\Audio_Speech_Actors_01-24\Actor_17\03-01-03-02-01-01-17.wav,03-01-03-02-01-01-17.wav,17,male,3,happy,strong,1,1,audio,speech,3.737,2
C:\Speech Emotion Recognition\notebooks\..\data\Raw\Audio_Speech_Actors_01-24\Actor_17\03-01-03-02-01-02-17.wav,03-01-03-02-01-02-17.wav,17,male,3,happy,strong,1,2,audio,speech,4.104,2
C:\Speech Emotion Recognition\notebooks\..\data\Raw\Audio_Speech_Actors_01-24\Actor_17\03-01-03-02-02-01-17.wav,03-01-03-02-02-01-17.wav,17,male,3,happy,strong,2,1,audio,speech,3.737,2
C:\Speech Emotion Recognition\notebooks\..\data\Raw\Audio_Speech_Actors_01-24\Actor_17\03-01-03-02-02-02-17.wav,03-01-03-02-02-02-17.wav,17,male,3,happy,strong,2,2,audio,speech,3.804,2
C:\Speech Emotion Recognition\notebooks\..\data\Raw\Audio_Speech_Actors_01-24\Actor_17\03-01-04-01-01-01-17.wav,03-01-04-01-01-01-17.wav,17,male,4,sad,normal,1,1,audio,speech,3.67,3
C:\Speech Emotion Recognition\notebooks\..\data\Raw\Audio_Speech_Actors_01-24\Actor_17\03-01-04-01-01-02-17.wav,03-01-04-01-01-02-17.wav,17,male,4,sad,normal,1,2,audio,speech,3.503,3
C:\Speech Emotion Recognition\notebooks\..\data\Raw\Audio_Speech_Actors_01-24\Actor_17\03-01-04-01-02-01-17.wav,03-01-04-01-02-01-17.wav,17,male,4,sad,normal,2,1,audio,speech,3.57,3
C:\Speech Emotion Recognition\notebooks\..\data\Raw\Audio_Speech_Actors_01-24\Actor_17\03-01-04-01-02-02-17.wav,03-01-04-01-02-02-17.wav,17,male,4,sad,normal,2,2,audio,speech,3.604,3
C:\Speech Emotion Recognition\notebooks\..\data\Raw\Audio_Speech_Actors_01-24\Actor_17\03-01-04-02-01-01-17.wav,03-01-04-02-01-01-17.wav,17,male,4,sad,strong,1,1,audio,speech,3.67,3
C:\Speech Emotion Recognition\notebooks\..\data\Raw\Audio_Speech_Actors_01-24\Actor_17\03-01-04-02-01-02-17.wav,03-01-04-02-01-02-17.wav,17,male,4,sad,strong,1,2,audio,speech,3.704,3
C:\Speech Emotion Recognition\notebooks\..\data\Raw\Audio_Speech_Actors_01-24\Actor_17\03-01-04-02-02-01-17.wav,03-01-04-02-02-01-17.wav,17,male,4,sad,strong,2,1,audio,speech,3.604,3
C:\Speech Emotion Recognition\notebooks\..\data\Raw\Audio_Speech_Actors_01-24\Actor_17\03-01-04-02-02-02-17.wav,03-01-04-02-02-02-17.wav,17,male,4,sad,strong,2,2,audio,speech,3.57,3
C:\Speech Emotion Recognition\notebooks\..\data\Raw\Audio_Speech_Actors_01-24\Actor_17\03-01-05-01-01-01-17.wav,03-01-05-01-01-01-17.wav,17,male,5,angry,normal,1,1,audio,speech,3.47,4
C:\Speech Emotion Recognition\notebooks\..\data\Raw\Audio_Speech_Actors_01-24\Actor_17\03-01-05-01-01-02-17.wav,03-01-05-01-01-02-17.wav,17,male,5,angry,normal,1,2,audio,speech,3.704,4
C:\Speech Emotion Recognition\notebooks\..\data\Raw\Audio_Speech_Actors_01-24\Actor_17\03-01-05-01-02-01-17.wav,03-01-05-01-02-01-17.wav,17,male,5,angry,normal,2,1,audio,speech,3.604,4
C:\Speech Emotion Recognition\notebooks\..\data\Raw\Audio_Speech_Actors_01-24\Actor_17\03-01-05-01-02-02-17.wav,03-01-05-01-02-02-17.wav,17,male,5,angry,normal,2,2,audio,speech,3.537,4
C:\Speech Emotion Recognition\notebooks\..\data\Raw\Audio_Speech_Actors_01-24\Actor_17\03-01-05-02-01-01-17.wav,03-01-05-02-01-01-17.wav,17,male,5,angry,strong,1,1,audio,speech,3.503,4
C:\Speech Emotion Recognition\notebooks\..\data\Raw\Audio_Speech_Actors_01-24\Actor_17\03-01-05-02-01-02-17.wav,03-01-05-02-01-02-17.wav,17,male,5,angry,strong,1,2,audio,speech,3.737,4
C:\Speech Emotion Recognition\notebooks\..\data\Raw\Audio_Speech_Actors_01-24\Actor_17\03-01-05-02-02-01-17.wav,03-01-05-02-02-01-17.wav,17,male,5,angry,strong,2,1,audio,speech,3.637,4
C:\Speech Emotion Recognition\notebooks\..\data\Raw\Audio_Speech_Actors_01-24\Actor_17\03-01-05-02-02-02-17.wav,03-01-05-02-02-02-17.wav,17,male,5,angry,strong,2,2,audio,speech,3.804,4
C:\Speech Emotion Recognition\notebooks\..\data\Raw\Audio_Speech_Actors_01-24\Actor_17\03-01-06-01-01-01-17.wav,03-01-06-01-01-01-17.wav,17,male,6,fearful,normal,1,1,audio,speech,3.47,5
C:\Speech Emotion Recognition\notebooks\..\data\Raw\Audio_Speech_Actors_01-24\Actor_17\03-01-06-01-01-02-17.wav,03-01-06-01-01-02-17.wav,17,male,6,fearful,normal,1,2,audio,speech,3.503,5
C:\Speech Emotion Recognition\notebooks\..\data\Raw\Audio_Speech_Actors_01-24\Actor_17\03-01-06-01-02-01-17.wav,03-01-06-01-02-01-17.wav,17,male,6,fearful,normal,2,1,audio,speech,3.537,5
C:\Speech Emotion Recognition\notebooks\..\data\Raw\Audio_Speech_Actors_01-24\Actor_17\03-01-06-01-02-02-17.wav,03-01-06-01-02-02-17.wav,17,male,6,fearful,normal,2,2,audio,speech,3.637,5
C:\Speech Emotion Recognition\notebooks\..\data\Raw\Audio_Speech_Actors_01-24\Actor_17\03-01-06-02-01-01-17.wav,03-01-06-02-01-01-17.wav,17,male,6,fearful,strong,1,1,audio,speech,3.704,5
C:\Speech Emotion Recognition\notebooks\..\data\Raw\Audio_Speech_Actors_01-24\Actor_17\03-01-06-02-01-02-17.wav,03-01-06-02-01-02-17.wav,17,male,6,fearful,strong,1,2,audio,speech,3.737,5
C:\Speech Emotion Recognition\notebooks\..\data\Raw\Audio_Speech_Actors_01-24\Actor_17\03-01-06-02-02-01-17.wav,03-01-06-02-02-01-17.wav,17,male,6,fearful,strong,2,1,audio,speech,3.67,5
C:\Speech Emotion Recognition\notebooks\..\data\Raw\Audio_Speech_Actors_01-24\Actor_17\03-01-06-02-02-02-17.wav,03-01-06-02-02-02-17.wav,17,male,6,fearful,strong,2,2,audio,speech,3.837,5
C:\Speech Emotion Recognition\notebooks\..\data\Raw\Audio_Speech_Actors_01-24\Actor_17\03-01-07-01-01-01-17.wav,03-01-07-01-01-01-17.wav,17,male,7,disgust,normal,1,1,audio,speech,3.837,6
C:\Speech Emotion Recognition\notebooks\..\data\Raw\Audio_Speech_Actors_01-24\Actor_17\03-01-07-01-01-02-17.wav,03-01-07-01-01-02-17.wav,17,male,7,disgust,normal,1,2,audio,speech,3.704,6
C:\Speech Emotion Recognition\notebooks\..\data\Raw\Audio_Speech_Actors_01-24\Actor_17\03-01-07-01-02-01-17.wav,03-01-07-01-02-01-17.wav,17,male,7,disgust,normal,2,1,audio,speech,3.57,6
C:\Speech Emotion Recognition\notebooks\..\data\Raw\Audio_Speech_Actors_01-24\Actor_17\03-01-07-01-02-02-17.wav,03-01-07-01-02-02-17.wav,17,male,7,disgust,normal,2,2,audio,speech,3.503,6
C:\Speech Emotion Recognition\notebooks\..\data\Raw\Audio_Speech_Actors_01-24\Actor_17\03-01-07-02-01-01-17.wav,03-01-07-02-01-01-17.wav,17,male,7,disgust,strong,1,1,audio,speech,4.204,6
C:\Speech Emotion Recognition\notebooks\..\data\Raw\Audio_Speech_Actors_01-24\Actor_17\03-01-07-02-01-02-17.wav,03-01-07-02-01-02-17.wav,17,male,7,disgust,strong,1,2,audio,speech,4.171,6
C:\Speech Emotion Recognition\notebooks\..\data\Raw\Audio_Speech_Actors_01-24\Actor_17\03-01-07-02-02-01-17.wav,03-01-07-02-02-01-17.wav,17,male,7,disgust,strong,2,1,audio,speech,4.471,6
C:\Speech Emotion Recognition\notebooks\..\data\Raw\Audio_Speech_Actors_01-24\Actor_17\03-01-07-02-02-02-17.wav,03-01-07-02-02-02-17.wav,17,male,7,disgust,strong,2,2,audio,speech,4.605,6
C:\Speech Emotion Recognition\notebooks\..\data\Raw\Audio_Speech_Actors_01-24\Actor_17\03-01-08-01-01-01-17.wav,03-01-08-01-01-01-17.wav,17,male,8,surprised,normal,1,1,audio,speech,3.403,7
C:\Speech Emotion Recognition\notebooks\..\data\Raw\Audio_Speech_Actors_01-24\Actor_17\03-01-08-01-01-02-17.wav,03-01-08-01-01-02-17.wav,17,male,8,surprised,normal,1,2,audio,speech,3.637,7
C:\Speech Emotion Recognition\notebooks\..\data\Raw\Audio_Speech_Actors_01-24\Actor_17\03-01-08-01-02-01-17.wav,03-01-08-01-02-01-17.wav,17,male,8,surprised,normal,2,1,audio,speech,3.37,7
C:\Speech Emotion Recognition\notebooks\..\data\Raw\Audio_Speech_Actors_01-24\Actor_17\03-01-08-01-02-02-17.wav,03-01-08-01-02-02-17.wav,17,male,8,surprised,normal,2,2,audio,speech,3.437,7
C:\Speech Emotion Recognition\notebooks\..\data\Raw\Audio_Speech_Actors_01-24\Actor_17\03-01-08-02-01-01-17.wav,03-01-08-02-01-01-17.wav,17,male,8,surprised,strong,1,1,audio,speech,3.537,7
C:\Speech Emotion Recognition\notebooks\..\data\Raw\Audio_Speech_Actors_01-24\Actor_17\03-01-08-02-01-02-17.wav,03-01-08-02-01-02-17.wav,17,male,8,surprised,strong,1,2,audio,speech,3.67,7
C:\Speech Emotion Recognition\notebooks\..\data\Raw\Audio_Speech_Actors_01-24\Actor_17\03-01-08-02-02-01-17.wav,03-01-08-02-02-01-17.wav,17,male,8,surprised,strong,2,1,audio,speech,3.437,7
C:\Speech Emotion Recognition\notebooks\..\data\Raw\Audio_Speech_Actors_01-24\Actor_17\03-01-08-02-02-02-17.wav,03-01-08-02-02-02-17.wav,17,male,8,surprised,strong,2,2,audio,speech,3.537,7
C:\Speech Emotion Recognition\notebooks\..\data\Raw\Audio_Speech_Actors_01-24\Actor_18\03-01-01-01-01-01-18.wav,03-01-01-01-01-01-18.wav,18,female,1,neutral,normal,1,1,audio,speech,3.47,0
C:\Speech Emotion Recognition\notebooks\..\data\Raw\Audio_Speech_Actors_01-24\Actor_18\03-01-01-01-01-02-18.wav,03-01-01-01-01-02-18.wav,18,female,1,neutral,normal,1,2,audio,speech,3.537,0
C:\Speech Emotion Recognition\notebooks\..\data\Raw\Audio_Speech_Actors_01-24\Actor_18\03-01-01-01-02-01-18.wav,03-01-01-01-02-01-18.wav,18,female,1,neutral,normal,2,1,audio,speech,3.47,0
C:\Speech Emotion Recognition\notebooks\..\data\Raw\Audio_Speech_Actors_01-24\Actor_18\03-01-01-01-02-02-18.wav,03-01-01-01-02-02-18.wav,18,female,1,neutral,normal,2,2,audio,speech,3.47,0
C:\Speech Emotion Recognition\notebooks\..\data\Raw\Audio_Speech_Actors_01-24\Actor_18\03-01-02-01-01-01-18.wav,03-01-02-01-01-01-18.wav,18,female,2,calm,normal,1,1,audio,speech,3.47,1
C:\Speech Emotion Recognition\notebooks\..\data\Raw\Audio_Speech_Actors_01-24\Actor_18\03-01-02-01-01-02-18.wav,03-01-02-01-01-02-18.wav,18,female,2,calm,normal,1,2,audio,speech,3.403,1
C:\Speech Emotion Recognition\notebooks\..\data\Raw\Audio_Speech_Actors_01-24\Actor_18\03-01-02-01-02-01-18.wav,03-01-02-01-02-01-18.wav,18,female,2,calm,normal,2,1,audio,speech,3.637,1
C:\Speech Emotion Recognition\notebooks\..\data\Raw\Audio_Speech_Actors_01-24\Actor_18\03-01-02-01-02-02-18.wav,03-01-02-01-02-02-18.wav,18,female,2,calm,normal,2,2,audio,speech,3.503,1
C:\Speech Emotion Recognition\notebooks\..\data\Raw\Audio_Speech_Actors_01-24\Actor_18\03-01-02-02-01-01-18.wav,03-01-02-02-01-01-18.wav,18,female,2,calm,strong,1,1,audio,speech,3.604,1
C:\Speech Emotion Recognition\notebooks\..\data\Raw\Audio_Speech_Actors_01-24\Actor_18\03-01-02-02-01-02-18.wav,03-01-02-02-01-02-18.wav,18,female,2,calm,strong,1,2,audio,speech,3.604,1
C:\Speech Emotion Recognition\notebooks\..\data\Raw\Audio_Speech_Actors_01-24\Actor_18\03-01-02-02-02-01-18.wav,03-01-02-02-02-01-18.wav,18,female,2,calm,strong,2,1,audio,speech,3.604,1
C:\Speech Emotion Recognition\notebooks\..\data\Raw\Audio_Speech_Actors_01-24\Actor_18\03-01-02-02-02-02-18.wav,03-01-02-02-02-02-18.wav,18,female,2,calm,strong,2,2,audio,speech,3.604,1
C:\Speech Emotion Recognition\notebooks\..\data\Raw\Audio_Speech_Actors_01-24\Actor_18\03-01-03-01-01-01-18.wav,03-01-03-01-01-01-18.wav,18,female,3,happy,normal,1,1,audio,speech,3.403,2
C:\Speech Emotion Recognition\notebooks\..\data\Raw\Audio_Speech_Actors_01-24\Actor_18\03-01-03-01-01-02-18.wav,03-01-03-01-01-02-18.wav,18,female,3,happy,normal,1,2,audio,speech,3.37,2
C:\Speech Emotion Recognition\notebooks\..\data\Raw\Audio_Speech_Actors_01-24\Actor_18\03-01-03-01-02-01-18.wav,03-01-03-01-02-01-18.wav,18,female,3,happy,normal,2,1,audio,speech,3.437,2
C:\Speech Emotion Recognition\notebooks\..\data\Raw\Audio_Speech_Actors_01-24\Actor_18\03-01-03-01-02-02-18.wav,03-01-03-01-02-02-18.wav,18,female,3,happy,normal,2,2,audio,speech,3.503,2
C:\Speech Emotion Recognition\notebooks\..\data\Raw\Audio_Speech_Actors_01-24\Actor_18\03-01-03-02-01-01-18.wav,03-01-03-02-01-01-18.wav,18,female,3,happy,strong,1,1,audio,speech,3.77,2
C:\Speech Emotion Recognition\notebooks\..\data\Raw\Audio_Speech_Actors_01-24\Actor_18\03-01-03-02-01-02-18.wav,03-01-03-02-01-02-18.wav,18,female,3,happy,strong,1,2,audio,speech,3.937,2
C:\Speech Emotion Recognition\notebooks\..\data\Raw\Audio_Speech_Actors_01-24\Actor_18\03-01-03-02-02-01-18.wav,03-01-03-02-02-01-18.wav,18,female,3,happy,strong,2,1,audio,speech,3.77,2
C:\Speech Emotion Recognition\notebooks\..\data\Raw\Audio_Speech_Actors_01-24\Actor_18\03-01-03-02-02-02-18.wav,03-01-03-02-02-02-18.wav,18,female,3,happy,strong,2,2,audio,speech,3.837,2
C:\Speech Emotion Recognition\notebooks\..\data\Raw\Audio_Speech_Actors_01-24\Actor_18\03-01-04-01-01-01-18.wav,03-01-04-01-01-01-18.wav,18,female,4,sad,normal,1,1,audio,speech,3.57,3
C:\Speech Emotion Recognition\notebooks\..\data\Raw\Audio_Speech_Actors_01-24\Actor_18\03-01-04-01-01-02-18.wav,03-01-04-01-01-02-18.wav,18,female,4,sad,normal,1,2,audio,speech,3.637,3
C:\Speech Emotion Recognition\notebooks\..\data\Raw\Audio_Speech_Actors_01-24\Actor_18\03-01-04-01-02-01-18.wav,03-01-04-01-02-01-18.wav,18,female,4,sad,normal,2,1,audio,speech,3.537,3
C:\Speech Emotion Recognition\notebooks\..\data\Raw\Audio_Speech_Actors_01-24\Actor_18\03-01-04-01-02-02-18.wav,03-01-04-01-02-02-18.wav,18,female,4,sad,normal,2,2,audio,speech,3.637,3
C:\Speech Emotion Recognition\notebooks\..\data\Raw\Audio_Speech_Actors_01-24\Actor_18\03-01-04-02-01-01-18.wav,03-01-04-02-01-01-18.wav,18,female,4,sad,strong,1,1,audio,speech,3.804,3
C:\Speech Emotion Recognition\notebooks\..\data\Raw\Audio_Speech_Actors_01-24\Actor_18\03-01-04-02-01-02-18.wav,03-01-04-02-01-02-18.wav,18,female,4,sad,strong,1,2,audio,speech,3.837,3
C:\Speech Emotion Recognition\notebooks\..\data\Raw\Audio_Speech_Actors_01-24\Actor_18\03-01-04-02-02-01-18.wav,03-01-04-02-02-01-18.wav,18,female,4,sad,strong,2,1,audio,speech,4.137,3
C:\Speech Emotion Recognition\notebooks\..\data\Raw\Audio_Speech_Actors_01-24\Actor_18\03-01-04-02-02-02-18.wav,03-01-04-02-02-02-18.wav,18,female,4,sad,strong,2,2,audio,speech,3.837,3
C:\Speech Emotion Recognition\notebooks\..\data\Raw\Audio_Speech_Actors_01-24\Actor_18\03-01-05-01-01-01-18.wav,03-01-05-01-01-01-18.wav,18,female,5,angry,normal,1,1,audio,speech,3.904,4
C:\Speech Emotion Recognition\notebooks\..\data\Raw\Audio_Speech_Actors_01-24\Actor_18\03-01-05-01-01-02-18.wav,03-01-05-01-01-02-18.wav,18,female,5,angry,normal,1,2,audio,speech,4.171,4
C:\Speech Emotion Recognition\notebooks\..\data\Raw\Audio_Speech_Actors_01-24\Actor_18\03-01-05-01-02-01-18.wav,03-01-05-01-02-01-18.wav,18,female,5,angry,normal,2,1,audio,speech,3.57,4
C:\Speech Emotion Recognition\notebooks\..\data\Raw\Audio_Speech_Actors_01-24\Actor_18\03-01-05-01-02-02-18.wav,03-01-05-01-02-02-18.wav,18,female,5,angry,normal,2,2,audio,speech,3.637,4
C:\Speech Emotion Recognition\notebooks\..\data\Raw\Audio_Speech_Actors_01-24\Actor_18\03-01-05-02-01-01-18.wav,03-01-05-02-01-01-18.wav,18,female,5,angry,strong,1,1,audio,speech,3.704,4
C:\Speech Emotion Recognition\notebooks\..\data\Raw\Audio_Speech_Actors_01-24\Actor_18\03-01-05-02-01-02-18.wav,03-01-05-02-01-02-18.wav,18,female,5,angry,strong,1,2,audio,speech,3.77,4
C:\Speech Emotion Recognition\notebooks\..\data\Raw\Audio_Speech_Actors_01-24\Actor_18\03-01-05-02-02-01-18.wav,03-01-05-02-02-01-18.wav,18,female,5,angry,strong,2,1,audio,speech,3.837,4
C:\Speech Emotion Recognition\notebooks\..\data\Raw\Audio_Speech_Actors_01-24\Actor_18\03-01-05-02-02-02-18.wav,03-01-05-02-02-02-18.wav,18,female,5,angry,strong,2,2,audio,speech,4.238,4
C:\Speech Emotion Recognition\notebooks\..\data\Raw\Audio_Speech_Actors_01-24\Actor_18\03-01-06-01-01-01-18.wav,03-01-06-01-01-01-18.wav,18,female,6,fearful,normal,1,1,audio,speech,3.437,5
C:\Speech Emotion Recognition\notebooks\..\data\Raw\Audio_Speech_Actors_01-24\Actor_18\03-01-06-01-01-02-18.wav,03-01-06-01-01-02-18.wav,18,female,6,fearful,normal,1,2,audio,speech,3.403,5
C:\Speech Emotion Recognition\notebooks\..\data\Raw\Audio_Speech_Actors_01-24\Actor_18\03-01-06-01-02-01-18.wav,03-01-06-01-02-01-18.wav,18,female,6,fearful,normal,2,1,audio,speech,3.47,5
C:\Speech Emotion Recognition\notebooks\..\data\Raw\Audio_Speech_Actors_01-24\Actor_18\03-01-06-01-02-02-18.wav,03-01-06-01-02-02-18.wav,18,female,6,fearful,normal,2,2,audio,speech,3.47,5
C:\Speech Emotion Recognition\notebooks\..\data\Raw\Audio_Speech_Actors_01-24\Actor_18\03-01-06-02-01-01-18.wav,03-01-06-02-01-01-18.wav,18,female,6,fearful,strong,1,1,audio,speech,3.737,5
C:\Speech Emotion Recognition\notebooks\..\data\Raw\Audio_Speech_Actors_01-24\Actor_18\03-01-06-02-01-02-18.wav,03-01-06-02-01-02-18.wav,18,female,6,fearful,strong,1,2,audio,speech,4.171,5
C:\Speech Emotion Recognition\notebooks\..\data\Raw\Audio_Speech_Actors_01-24\Actor_18\03-01-06-02-02-01-18.wav,03-01-06-02-02-01-18.wav,18,female,6,fearful,strong,2,1,audio,speech,3.804,5
C:\Speech Emotion Recognition\notebooks\..\data\Raw\Audio_Speech_Actors_01-24\Actor_18\03-01-06-02-02-02-18.wav,03-01-06-02-02-02-18.wav,18,female,6,fearful,strong,2,2,audio,speech,3.804,5
C:\Speech Emotion Recognition\notebooks\..\data\Raw\Audio_Speech_Actors_01-24\Actor_18\03-01-07-01-01-01-18.wav,03-01-07-01-01-01-18.wav,18,female,7,disgust,normal,1,1,audio,speech,4.304,6
C:\Speech Emotion Recognition\notebooks\..\data\Raw\Audio_Speech_Actors_01-24\Actor_18\03-01-07-01-01-02-18.wav,03-01-07-01-01-02-18.wav,18,female,7,disgust,normal,1,2,audio,speech,4.071,6
C:\Speech Emotion Recognition\notebooks\..\data\Raw\Audio_Speech_Actors_01-24\Actor_18\03-01-07-01-02-01-18.wav,03-01-07-01-02-01-18.wav,18,female,7,disgust,normal,2,1,audio,speech,3.67,6
C:\Speech Emotion Recognition\notebooks\..\data\Raw\Audio_Speech_Actors_01-24\Actor_18\03-01-07-01-02-02-18.wav,03-01-07-01-02-02-18.wav,18,female,7,disgust,normal,2,2,audio,speech,4.371,6
C:\Speech Emotion Recognition\notebooks\..\data\Raw\Audio_Speech_Actors_01-24\Actor_18\03-01-07-02-01-01-18.wav,03-01-07-02-01-01-18.wav,18,female,7,disgust,strong,1,1,audio,speech,4.771,6
C:\Speech Emotion Recognition\notebooks\..\data\Raw\Audio_Speech_Actors_01-24\Actor_18\03-01-07-02-01-02-18.wav,03-01-07-02-01-02-18.wav,18,female,7,disgust,strong,1,2,audio,speech,4.471,6
C:\Speech Emotion Recognition\notebooks\..\data\Raw\Audio_Speech_Actors_01-24\Actor_18\03-01-07-02-02-01-18.wav,03-01-07-02-02-01-18.wav,18,female,7,disgust,strong,2,1,audio,speech,4.638,6
C:\Speech Emotion Recognition\notebooks\..\data\Raw\Audio_Speech_Actors_01-24\Actor_18\03-01-07-02-02-02-18.wav,03-01-07-02-02-02-18.wav,18,female,7,disgust,strong,2,2,audio,speech,4.571,6
C:\Speech Emotion Recognition\notebooks\..\data\Raw\Audio_Speech_Actors_01-24\Actor_18\03-01-08-01-01-01-18.wav,03-01-08-01-01-01-18.wav,18,female,8,surprised,normal,1,1,audio,speech,3.37,7
C:\Speech Emotion Recognition\notebooks\..\data\Raw\Audio_Speech_Actors_01-24\Actor_18\03-01-08-01-01-02-18.wav,03-01-08-01-01-02-18.wav,18,female,8,surprised,normal,1,2,audio,speech,3.503,7
C:\Speech Emotion Recognition\notebooks\..\data\Raw\Audio_Speech_Actors_01-24\Actor_18\03-01-08-01-02-01-18.wav,03-01-08-01-02-01-18.wav,18,female,8,surprised,normal,2,1,audio,speech,3.503,7
C:\Speech Emotion Recognition\notebooks\..\data\Raw\Audio_Speech_Actors_01-24\Actor_18\03-01-08-01-02-02-18.wav,03-01-08-01-02-02-18.wav,18,female,8,surprised,normal,2,2,audio,speech,3.503,7
C:\Speech Emotion Recognition\notebooks\..\data\Raw\Audio_Speech_Actors_01-24\Actor_18\03-01-08-02-01-01-18.wav,03-01-08-02-01-01-18.wav,18,female,8,surprised,strong,1,1,audio,speech,3.637,7
C:\Speech Emotion Recognition\notebooks\..\data\Raw\Audio_Speech_Actors_01-24\Actor_18\03-01-08-02-01-02-18.wav,03-01-08-02-01-02-18.wav,18,female,8,surprised,strong,1,2,audio,speech,3.537,7
C:\Speech Emotion Recognition\notebooks\..\data\Raw\Audio_Speech_Actors_01-24\Actor_18\03-01-08-02-02-01-18.wav,03-01-08-02-02-01-18.wav,18,female,8,surprised,strong,2,1,audio,speech,3.871,7
C:\Speech Emotion Recognition\notebooks\..\data\Raw\Audio_Speech_Actors_01-24\Actor_18\03-01-08-02-02-02-18.wav,03-01-08-02-02-02-18.wav,18,female,8,surprised,strong,2,2,audio,speech,3.637,7
C:\Speech Emotion Recognition\notebooks\..\data\Raw\Audio_Speech_Actors_01-24\Actor_19\03-01-01-01-01-01-19.wav,03-01-01-01-01-01-19.wav,19,male,1,neutral,normal,1,1,audio,speech,3.37,0
C:\Speech Emotion Recognition\notebooks\..\data\Raw\Audio_Speech_Actors_01-24\Actor_19\03-01-01-01-01-02-19.wav,03-01-01-01-01-02-19.wav,19,male,1,neutral,normal,1,2,audio,speech,3.237,0
C:\Speech Emotion Recognition\notebooks\..\data\Raw\Audio_Speech_Actors_01-24\Actor_19\03-01-01-01-02-01-19.wav,03-01-01-01-02-01-19.wav,19,male,1,neutral,normal,2,1,audio,speech,3.337,0
C:\Speech Emotion Recognition\notebooks\..\data\Raw\Audio_Speech_Actors_01-24\Actor_19\03-01-01-01-02-02-19.wav,03-01-01-01-02-02-19.wav,19,male,1,neutral,normal,2,2,audio,speech,3.303,0
C:\Speech Emotion Recognition\notebooks\..\data\Raw\Audio_Speech_Actors_01-24\Actor_19\03-01-02-01-01-01-19.wav,03-01-02-01-01-01-19.wav,19,male,2,calm,normal,1,1,audio,speech,3.67,1
C:\Speech Emotion Recognition\notebooks\..\data\Raw\Audio_Speech_Actors_01-24\Actor_19\03-01-02-01-01-02-19.wav,03-01-02-01-01-02-19.wav,19,male,2,calm,normal,1,2,audio,speech,3.67,1
C:\Speech Emotion Recognition\notebooks\..\data\Raw\Audio_Speech_Actors_01-24\Actor_19\03-01-02-01-02-01-19.wav,03-01-02-01-02-01-19.wav,19,male,2,calm,normal,2,1,audio,speech,3.337,1
C:\Speech Emotion Recognition\notebooks\..\data\Raw\Audio_Speech_Actors_01-24\Actor_19\03-01-02-01-02-02-19.wav,03-01-02-01-02-02-19.wav,19,male,2,calm,normal,2,2,audio,speech,3.47,1
C:\Speech Emotion Recognition\notebooks\..\data\Raw\Audio_Speech_Actors_01-24\Actor_19\03-01-02-02-01-01-19.wav,03-01-02-02-01-01-19.wav,19,male,2,calm,strong,1,1,audio,speech,4.471,1
C:\Speech Emotion Recognition\notebooks\..\data\Raw\Audio_Speech_Actors_01-24\Actor_19\03-01-02-02-01-02-19.wav,03-01-02-02-01-02-19.wav,19,male,2,calm,strong,1,2,audio,speech,4.037,1
C:\Speech Emotion Recognition\notebooks\..\data\Raw\Audio_Speech_Actors_01-24\Actor_19\03-01-02-02-02-01-19.wav,03-01-02-02-02-01-19.wav,19,male,2,calm,strong,2,1,audio,speech,4.605,1
C:\Speech Emotion Recognition\notebooks\..\data\Raw\Audio_Speech_Actors_01-24\Actor_19\03-01-02-02-02-02-19.wav,03-01-02-02-02-02-19.wav,19,male,2,calm,strong,2,2,audio,speech,4.304,1
C:\Speech Emotion Recognition\notebooks\..\data\Raw\Audio_Speech_Actors_01-24\Actor_19\03-01-03-01-01-01-19.wav,03-01-03-01-01-01-19.wav,19,male,3,happy,normal,1,1,audio,speech,3.637,2
C:\Speech Emotion Recognition\notebooks\..\data\Raw\Audio_Speech_Actors_01-24\Actor_19\03-01-03-01-01-02-19.wav,03-01-03-01-01-02-19.wav,19,male,3,happy,normal,1,2,audio,speech,3.704,2
C:\Speech Emotion Recognition\notebooks\..\data\Raw\Audio_Speech_Actors_01-24\Actor_19\03-01-03-01-02-01-19.wav,03-01-03-01-02-01-19.wav,19,male,3,happy,normal,2,1,audio,speech,3.27,2
C:\Speech Emotion Recognition\notebooks\..\data\Raw\Audio_Speech_Actors_01-24\Actor_19\03-01-03-01-02-02-19.wav,03-01-03-01-02-02-19.wav,19,male,3,happy,normal,2,2,audio,speech,3.303,2
C:\Speech Emotion Recognition\notebooks\..\data\Raw\Audio_Speech_Actors_01-24\Actor_19\03-01-03-02-01-01-19.wav,03-01-03-02-01-01-19.wav,19,male,3,happy,strong,1,1,audio,speech,3.77,2
C:\Speech Emotion Recognition\notebooks\..\data\Raw\Audio_Speech_Actors_01-24\Actor_19\03-01-03-02-01-02-19.wav,03-01-03-02-01-02-19.wav,19,male,3,happy,strong,1,2,audio,speech,3.804,2
C:\Speech Emotion Recognition\notebooks\..\data\Raw\Audio_Speech_Actors_01-24\Actor_19\03-01-03-02-02-01-19.wav,03-01-03-02-02-01-19.wav,19,male,3,happy,strong,2,1,audio,speech,4.404,2
C:\Speech Emotion Recognition\notebooks\..\data\Raw\Audio_Speech_Actors_01-24\Actor_19\03-01-03-02-02-02-19.wav,03-01-03-02-02-02-19.wav,19,male,3,happy,strong,2,2,audio,speech,4.004,2
C:\Speech Emotion Recognition\notebooks\..\data\Raw\Audio_Speech_Actors_01-24\Actor_19\03-01-04-01-01-01-19.wav,03-01-04-01-01-01-19.wav,19,male,4,sad,normal,1,1,audio,speech,3.437,3
C:\Speech Emotion Recognition\notebooks\..\data\Raw\Audio_Speech_Actors_01-24\Actor_19\03-01-04-01-01-02-19.wav,03-01-04-01-01-02-19.wav,19,male,4,sad,normal,1,2,audio,speech,3.67,3
C:\Speech Emotion Recognition\notebooks\..\data\Raw\Audio_Speech_Actors_01-24\Actor_19\03-01-04-01-02-01-19.wav,03-01-04-01-02-01-19.wav,19,male,4,sad,normal,2,1,audio,speech,3.17,3
C:\Speech Emotion Recognition\notebooks\..\data\Raw\Audio_Speech_Actors_01-24\Actor_19\03-01-04-01-02-02-19.wav,03-01-04-01-02-02-19.wav,19,male,4,sad,normal,2,2,audio,speech,3.67,3
C:\Speech Emotion Recognition\notebooks\..\data\Raw\Audio_Speech_Actors_01-24\Actor_19\03-01-04-02-01-01-19.wav,03-01-04-02-01-01-19.wav,19,male,4,sad,strong,1,1,audio,speech,4.004,3
C:\Speech Emotion Recognition\notebooks\..\data\Raw\Audio_Speech_Actors_01-24\Actor_19\03-01-04-02-01-02-19.wav,03-01-04-02-01-02-19.wav,19,male,4,sad,strong,1,2,audio,speech,3.704,3
C:\Speech Emotion Recognition\notebooks\..\data\Raw\Audio_Speech_Actors_01-24\Actor_19\03-01-04-02-02-01-19.wav,03-01-04-02-02-01-19.wav,19,male,4,sad,strong,2,1,audio,speech,3.403,3
C:\Speech Emotion Recognition\notebooks\..\data\Raw\Audio_Speech_Actors_01-24\Actor_19\03-01-04-02-02-02-19.wav,03-01-04-02-02-02-19.wav,19,male,4,sad,strong,2,2,audio,speech,3.737,3
C:\Speech Emotion Recognition\notebooks\..\data\Raw\Audio_Speech_Actors_01-24\Actor_19\03-01-05-01-01-01-19.wav,03-01-05-01-01-01-19.wav,19,male,5,angry,normal,1,1,audio,speech,3.77,4
C:\Speech Emotion Recognition\notebooks\..\data\Raw\Audio_Speech_Actors_01-24\Actor_19\03-01-05-01-01-02-19.wav,03-01-05-01-01-02-19.wav,19,male,5,angry,normal,1,2,audio,speech,3.704,4
C:\Speech Emotion Recognition\notebooks\..\data\Raw\Audio_Speech_Actors_01-24\Actor_19\03-01-05-01-02-01-19.wav,03-01-05-01-02-01-19.wav,19,male,5,angry,normal,2,1,audio,speech,3.303,4
C:\Speech Emotion Recognition\notebooks\..\data\Raw\Audio_Speech_Actors_01-24\Actor_19\03-01-05-01-02-02-19.wav,03-01-05-01-02-02-19.wav,19,male,5,angry,normal,2,2,audio,speech,3.57,4
C:\Speech Emotion Recognition\notebooks\..\data\Raw\Audio_Speech_Actors_01-24\Actor_19\03-01-05-02-01-01-19.wav,03-01-05-02-01-01-19.wav,19,male,5,angry,strong,1,1,audio,speech,3.971,4
C:\Speech Emotion Recognition\notebooks\..\data\Raw\Audio_Speech_Actors_01-24\Actor_19\03-01-05-02-01-02-19.wav,03-01-05-02-01-02-19.wav,19,male,5,angry,strong,1,2,audio,speech,4.805,4
C:\Speech Emotion Recognition\notebooks\..\data\Raw\Audio_Speech_Actors_01-24\Actor_19\03-01-05-02-02-01-19.wav,03-01-05-02-02-01-19.wav,19,male,5,angry,strong,2,1,audio,speech,4.338,4
C:\Speech Emotion Recognition\notebooks\..\data\Raw\Audio_Speech_Actors_01-24\Actor_19\03-01-05-02-02-02-19.wav,03-01-05-02-02-02-19.wav,19,male,5,angry,strong,2,2,audio,speech,4.104,4
C:\Speech Emotion Recognition\notebooks\..\data\Raw\Audio_Speech_Actors_01-24\Actor_19\03-01-06-01-01-01-19.wav,03-01-06-01-01-01-19.wav,19,male,6,fearful,normal,1,1,audio,speech,3.704,5
C:\Speech Emotion Recognition\notebooks\..\data\Raw\Audio_Speech_Actors_01-24\Actor_19\03-01-06-01-01-02-19.wav,03-01-06-01-01-02-19.wav,19,male,6,fearful,normal,1,2,audio,speech,3.503,5
C:\Speech Emotion Recognition\notebooks\..\data\Raw\Audio_Speech_Actors_01-24\Actor_19\03-01-06-01-02-01-19.wav,03-01-06-01-02-01-19.wav,19,male,6,fearful,normal,2,1,audio,speech,3.77,5
C:\Speech Emotion Recognition\notebooks\..\data\Raw\Audio_Speech_Actors_01-24\Actor_19\03-01-06-01-02-02-19.wav,03-01-06-01-02-02-19.wav,19,male,6,fearful,normal,2,2,audio,speech,3.537,5
C:\Speech Emotion Recognition\notebooks\..\data\Raw\Audio_Speech_Actors_01-24\Actor_19\03-01-06-02-01-01-19.wav,03-01-06-02-01-01-19.wav,19,male,6,fearful,strong,1,1,audio,speech,3.837,5
C:\Speech Emotion Recognition\notebooks\..\data\Raw\Audio_Speech_Actors_01-24\Actor_19\03-01-06-02-01-02-19.wav,03-01-06-02-01-02-19.wav,19,male,6,fearful,strong,1,2,audio,speech,4.371,5
C:\Speech Emotion Recognition\notebooks\..\data\Raw\Audio_Speech_Actors_01-24\Actor_19\03-01-06-02-02-01-19.wav,03-01-06-02-02-01-19.wav,19,male,6,fearful,strong,2,1,audio,speech,3.57,5
C:\Speech Emotion Recognition\notebooks\..\data\Raw\Audio_Speech_Actors_01-24\Actor_19\03-01-06-02-02-02-19.wav,03-01-06-02-02-02-19.wav,19,male,6,fearful,strong,2,2,audio,speech,4.037,5
C:\Speech Emotion Recognition\notebooks\..\data\Raw\Audio_Speech_Actors_01-24\Actor_19\03-01-07-01-01-01-19.wav,03-01-07-01-01-01-19.wav,19,male,7,disgust,normal,1,1,audio,speech,4.304,6
C:\Speech Emotion Recognition\notebooks\..\data\Raw\Audio_Speech_Actors_01-24\Actor_19\03-01-07-01-01-02-19.wav,03-01-07-01-01-02-19.wav,19,male,7,disgust,normal,1,2,audio,speech,4.838,6
C:\Speech Emotion Recognition\notebooks\..\data\Raw\Audio_Speech_Actors_01-24\Actor_19\03-01-07-01-02-01-19.wav,03-01-07-01-02-01-19.wav,19,male,7,disgust,normal,2,1,audio,speech,4.171,6
C:\Speech Emotion Recognition\notebooks\..\data\Raw\Audio_Speech_Actors_01-24\Actor_19\03-01-07-01-02-02-19.wav,03-01-07-01-02-02-19.wav,19,male,7,disgust,normal,2,2,audio,speech,3.937,6
C:\Speech Emotion Recognition\notebooks\..\data\Raw\Audio_Speech_Actors_01-24\Actor_19\03-01-07-02-01-01-19.wav,03-01-07-02-01-01-19.wav,19,male,7,disgust,strong,1,1,audio,speech,4.805,6
C:\Speech Emotion Recognition\notebooks\..\data\Raw\Audio_Speech_Actors_01-24\Actor_19\03-01-07-02-01-02-19.wav,03-01-07-02-01-02-19.wav,19,male,7,disgust,strong,1,2,audio,speech,5.272,6
C:\Speech Emotion Recognition\notebooks\..\data\Raw\Audio_Speech_Actors_01-24\Actor_19\03-01-07-02-02-01-19.wav,03-01-07-02-02-01-19.wav,19,male,7,disgust,strong,2,1,audio,speech,4.905,6
C:\Speech Emotion Recognition\notebooks\..\data\Raw\Audio_Speech_Actors_01-24\Actor_19\03-01-07-02-02-02-19.wav,03-01-07-02-02-02-19.wav,19,male,7,disgust,strong,2,2,audio,speech,4.938,6
C:\Speech Emotion Recognition\notebooks\..\data\Raw\Audio_Speech_Actors_01-24\Actor_19\03-01-08-01-01-01-19.wav,03-01-08-01-01-01-19.wav,19,male,8,surprised,normal,1,1,audio,speech,3.737,7
C:\Speech Emotion Recognition\notebooks\..\data\Raw\Audio_Speech_Actors_01-24\Actor_19\03-01-08-01-01-02-19.wav,03-01-08-01-01-02-19.wav,19,male,8,surprised,normal,1,2,audio,speech,3.537,7
C:\Speech Emotion Recognition\notebooks\..\data\Raw\Audio_Speech_Actors_01-24\Actor_19\03-01-08-01-02-01-19.wav,03-01-08-01-02-01-19.wav,19,male,8,surprised,normal,2,1,audio,speech,4.104,7
C:\Speech Emotion Recognition\notebooks\..\data\Raw\Audio_Speech_Actors_01-24\Actor_19\03-01-08-01-02-02-19.wav,03-01-08-01-02-02-19.wav,19,male,8,surprised,normal,2,2,audio,speech,3.07,7
C:\Speech Emotion Recognition\notebooks\..\data\Raw\Audio_Speech_Actors_01-24\Actor_19\03-01-08-02-01-01-19.wav,03-01-08-02-01-01-19.wav,19,male,8,surprised,strong,1,1,audio,speech,4.104,7
C:\Speech Emotion Recognition\notebooks\..\data\Raw\Audio_Speech_Actors_01-24\Actor_19\03-01-08-02-01-02-19.wav,03-01-08-02-01-02-19.wav,19,male,8,surprised,strong,1,2,audio,speech,4.638,7
C:\Speech Emotion Recognition\notebooks\..\data\Raw\Audio_Speech_Actors_01-24\Actor_19\03-01-08-02-02-01-19.wav,03-01-08-02-02-01-19.wav,19,male,8,surprised,strong,2,1,audio,speech,3.237,7
C:\Speech Emotion Recognition\notebooks\..\data\Raw\Audio_Speech_Actors_01-24\Actor_19\03-01-08-02-02-02-19.wav,03-01-08-02-02-02-19.wav,19,male,8,surprised,strong,2,2,audio,speech,3.27,7
C:\Speech Emotion Recognition\notebooks\..\data\Raw\Audio_Speech_Actors_01-24\Actor_20\03-01-01-01-01-01-20.wav,03-01-01-01-01-01-20.wav,20,female,1,neutral,normal,1,1,audio,speech,3.47,0
C:\Speech Emotion Recognition\notebooks\..\data\Raw\Audio_Speech_Actors_01-24\Actor_20\03-01-01-01-01-02-20.wav,03-01-01-01-01-02-20.wav,20,female,1,neutral,normal,1,2,audio,speech,3.57,0
C:\Speech Emotion Recognition\notebooks\..\data\Raw\Audio_Speech_Actors_01-24\Actor_20\03-01-01-01-02-01-20.wav,03-01-01-01-02-01-20.wav,20,female,1,neutral,normal,2,1,audio,speech,3.437,0
C:\Speech Emotion Recognition\notebooks\..\data\Raw\Audio_Speech_Actors_01-24\Actor_20\03-01-01-01-02-02-20.wav,03-01-01-01-02-02-20.wav,20,female,1,neutral,normal,2,2,audio,speech,3.537,0
C:\Speech Emotion Recognition\notebooks\..\data\Raw\Audio_Speech_Actors_01-24\Actor_20\03-01-02-01-01-01-20.wav,03-01-02-01-01-01-20.wav,20,female,2,calm,normal,1,1,audio,speech,3.637,1
C:\Speech Emotion Recognition\notebooks\..\data\Raw\Audio_Speech_Actors_01-24\Actor_20\03-01-02-01-01-02-20.wav,03-01-02-01-01-02-20.wav,20,female,2,calm,normal,1,2,audio,speech,3.57,1
C:\Speech Emotion Recognition\notebooks\..\data\Raw\Audio_Speech_Actors_01-24\Actor_20\03-01-02-01-02-01-20.wav,03-01-02-01-02-01-20.wav,20,female,2,calm,normal,2,1,audio,speech,3.337,1
C:\Speech Emotion Recognition\notebooks\..\data\Raw\Audio_Speech_Actors_01-24\Actor_20\03-01-02-01-02-02-20.wav,03-01-02-01-02-02-20.wav,20,female,2,calm,normal,2,2,audio,speech,3.503,1
C:\Speech Emotion Recognition\notebooks\..\data\Raw\Audio_Speech_Actors_01-24\Actor_20\03-01-02-02-01-01-20.wav,03-01-02-02-01-01-20.wav,20,female,2,calm,strong,1,1,audio,speech,3.871,1
C:\Speech Emotion Recognition\notebooks\..\data\Raw\Audio_Speech_Actors_01-24\Actor_20\03-01-02-02-01-02-20.wav,03-01-02-02-01-02-20.wav,20,female,2,calm,strong,1,2,audio,speech,4.071,1
C:\Speech Emotion Recognition\notebooks\..\data\Raw\Audio_Speech_Actors_01-24\Actor_20\03-01-02-02-02-01-20.wav,03-01-02-02-02-01-20.wav,20,female,2,calm,strong,2,1,audio,speech,3.637,1
C:\Speech Emotion Recognition\notebooks\..\data\Raw\Audio_Speech_Actors_01-24\Actor_20\03-01-02-02-02-02-20.wav,03-01-02-02-02-02-20.wav,20,female,2,calm,strong,2,2,audio,speech,3.637,1
C:\Speech Emotion Recognition\notebooks\..\data\Raw\Audio_Speech_Actors_01-24\Actor_20\03-01-03-01-01-01-20.wav,03-01-03-01-01-01-20.wav,20,female,3,happy,normal,1,1,audio,speech,3.537,2
C:\Speech Emotion Recognition\notebooks\..\data\Raw\Audio_Speech_Actors_01-24\Actor_20\03-01-03-01-01-02-20.wav,03-01-03-01-01-02-20.wav,20,female,3,happy,normal,1,2,audio,speech,3.704,2
C:\Speech Emotion Recognition\notebooks\..\data\Raw\Audio_Speech_Actors_01-24\Actor_20\03-01-03-01-02-01-20.wav,03-01-03-01-02-01-20.wav,20,female,3,happy,normal,2,1,audio,speech,3.47,2
C:\Speech Emotion Recognition\notebooks\..\data\Raw\Audio_Speech_Actors_01-24\Actor_20\03-01-03-01-02-02-20.wav,03-01-03-01-02-02-20.wav,20,female,3,happy,normal,2,2,audio,speech,3.403,2
C:\Speech Emotion Recognition\notebooks\..\data\Raw\Audio_Speech_Actors_01-24\Actor_20\03-01-03-02-01-01-20.wav,03-01-03-02-01-01-20.wav,20,female,3,happy,strong,1,1,audio,speech,3.67,2
C:\Speech Emotion Recognition\notebooks\..\data\Raw\Audio_Speech_Actors_01-24\Actor_20\03-01-03-02-01-02-20.wav,03-01-03-02-01-02-20.wav,20,female,3,happy,strong,1,2,audio,speech,4.304,2
C:\Speech Emotion Recognition\notebooks\..\data\Raw\Audio_Speech_Actors_01-24\Actor_20\03-01-03-02-02-01-20.wav,03-01-03-02-02-01-20.wav,20,female,3,happy,strong,2,1,audio,speech,3.57,2
C:\Speech Emotion Recognition\notebooks\..\data\Raw\Audio_Speech_Actors_01-24\Actor_20\03-01-03-02-02-02-20.wav,03-01-03-02-02-02-20.wav,20,female,3,happy,strong,2,2,audio,speech,3.704,2
C:\Speech Emotion Recognition\notebooks\..\data\Raw\Audio_Speech_Actors_01-24\Actor_20\03-01-04-01-01-01-20.wav,03-01-04-01-01-01-20.wav,20,female,4,sad,normal,1,1,audio,speech,3.604,3
C:\Speech Emotion Recognition\notebooks\..\data\Raw\Audio_Speech_Actors_01-24\Actor_20\03-01-04-01-01-02-20.wav,03-01-04-01-01-02-20.wav,20,female,4,sad,normal,1,2,audio,speech,3.503,3
C:\Speech Emotion Recognition\notebooks\..\data\Raw\Audio_Speech_Actors_01-24\Actor_20\03-01-04-01-02-01-20.wav,03-01-04-01-02-01-20.wav,20,female,4,sad,normal,2,1,audio,speech,3.47,3
C:\Speech Emotion Recognition\notebooks\..\data\Raw\Audio_Speech_Actors_01-24\Actor_20\03-01-04-01-02-02-20.wav,03-01-04-01-02-02-20.wav,20,female,4,sad,normal,2,2,audio,speech,3.37,3
C:\Speech Emotion Recognition\notebooks\..\data\Raw\Audio_Speech_Actors_01-24\Actor_20\03-01-04-02-01-01-20.wav,03-01-04-02-01-01-20.wav,20,female,4,sad,strong,1,1,audio,speech,3.77,3
C:\Speech Emotion Recognition\notebooks\..\data\Raw\Audio_Speech_Actors_01-24\Actor_20\03-01-04-02-01-02-20.wav,03-01-04-02-01-02-20.wav,20,female,4,sad,strong,1,2,audio,speech,4.238,3
C:\Speech Emotion Recognition\notebooks\..\data\Raw\Audio_Speech_Actors_01-24\Actor_20\03-01-04-02-02-01-20.wav,03-01-04-02-02-01-20.wav,20,female,4,sad,strong,2,1,audio,speech,3.804,3
C:\Speech Emotion Recognition\notebooks\..\data\Raw\Audio_Speech_Actors_01-24\Actor_20\03-01-04-02-02-02-20.wav,03-01-04-02-02-02-20.wav,20,female,4,sad,strong,2,2,audio,speech,3.971,3
C:\Speech Emotion Recognition\notebooks\..\data\Raw\Audio_Speech_Actors_01-24\Actor_20\03-01-05-01-01-01-20.wav,03-01-05-01-01-01-20.wav,20,female,5,angry,normal,1,1,audio,speech,3.237,4
C:\Speech Emotion Recognition\notebooks\..\data\Raw\Audio_Speech_Actors_01-24\Actor_20\03-01-05-01-01-02-20.wav,03-01-05-01-01-02-20.wav,20,female,5,angry,normal,1,2,audio,speech,3.737,4
C:\Speech Emotion Recognition\notebooks\..\data\Raw\Audio_Speech_Actors_01-24\Actor_20\03-01-05-01-02-01-20.wav,03-01-05-01-02-01-20.wav,20,female,5,angry,normal,2,1,audio,speech,3.67,4
C:\Speech Emotion Recognition\notebooks\..\data\Raw\Audio_Speech_Actors_01-24\Actor_20\03-01-05-01-02-02-20.wav,03-01-05-01-02-02-20.wav,20,female,5,angry,normal,2,2,audio,speech,3.804,4
C:\Speech Emotion Recognition\notebooks\..\data\Raw\Audio_Speech_Actors_01-24\Actor_20\03-01-05-02-01-01-20.wav,03-01-05-02-01-01-20.wav,20,female,5,angry,strong,1,1,audio,speech,4.137,4
C:\Speech Emotion Recognition\notebooks\..\data\Raw\Audio_Speech_Actors_01-24\Actor_20\03-01-05-02-01-02-20.wav,03-01-05-02-01-02-20.wav,20,female,5,angry,strong,1,2,audio,speech,4.071,4
C:\Speech Emotion Recognition\notebooks\..\data\Raw\Audio_Speech_Actors_01-24\Actor_20\03-01-05-02-02-01-20.wav,03-01-05-02-02-01-20.wav,20,female,5,angry,strong,2,1,audio,speech,4.404,4
C:\Speech Emotion Recognition\notebooks\..\data\Raw\Audio_Speech_Actors_01-24\Actor_20\03-01-05-02-02-02-20.wav,03-01-05-02-02-02-20.wav,20,female,5,angry,strong,2,2,audio,speech,3.537,4
C:\Speech Emotion Recognition\notebooks\..\data\Raw\Audio_Speech_Actors_01-24\Actor_20\03-01-06-01-01-01-20.wav,03-01-06-01-01-01-20.wav,20,female,6,fearful,normal,1,1,audio,speech,3.804,5
C:\Speech Emotion Recognition\notebooks\..\data\Raw\Audio_Speech_Actors_01-24\Actor_20\03-01-06-01-01-02-20.wav,03-01-06-01-01-02-20.wav,20,female,6,fearful,normal,1,2,audio,speech,4.371,5
C:\Speech Emotion Recognition\notebooks\..\data\Raw\Audio_Speech_Actors_01-24\Actor_20\03-01-06-01-02-01-20.wav,03-01-06-01-02-01-20.wav,20,female,6,fearful,normal,2,1,audio,speech,3.937,5
C:\Speech Emotion Recognition\notebooks\..\data\Raw\Audio_Speech_Actors_01-24\Actor_20\03-01-06-01-02-02-20.wav,03-01-06-01-02-02-20.wav,20,female,6,fearful,normal,2,2,audio,speech,3.303,5
C:\Speech Emotion Recognition\notebooks\..\data\Raw\Audio_Speech_Actors_01-24\Actor_20\03-01-06-02-01-01-20.wav,03-01-06-02-01-01-20.wav,20,female,6,fearful,strong,1,1,audio,speech,4.238,5
C:\Speech Emotion Recognition\notebooks\..\data\Raw\Audio_Speech_Actors_01-24\Actor_20\03-01-06-02-01-02-20.wav,03-01-06-02-01-02-20.wav,20,female,6,fearful,strong,1,2,audio,speech,4.171,5
C:\Speech Emotion Recognition\notebooks\..\data\Raw\Audio_Speech_Actors_01-24\Actor_20\03-01-06-02-02-01-20.wav,03-01-06-02-02-01-20.wav,20,female,6,fearful,strong,2,1,audio,speech,3.871,5
C:\Speech Emotion Recognition\notebooks\..\data\Raw\Audio_Speech_Actors_01-24\Actor_20\03-01-06-02-02-02-20.wav,03-01-06-02-02-02-20.wav,20,female,6,fearful,strong,2,2,audio,speech,3.904,5
C:\Speech Emotion Recognition\notebooks\..\data\Raw\Audio_Speech_Actors_01-24\Actor_20\03-01-07-01-01-01-20.wav,03-01-07-01-01-01-20.wav,20,female,7,disgust,normal,1,1,audio,speech,3.871,6
C:\Speech Emotion Recognition\notebooks\..\data\Raw\Audio_Speech_Actors_01-24\Actor_20\03-01-07-01-01-02-20.wav,03-01-07-01-01-02-20.wav,20,female,7,disgust,normal,1,2,audio,speech,3.737,6
C:\Speech Emotion Recognition\notebooks\..\data\Raw\Audio_Speech_Actors_01-24\Actor_20\03-01-07-01-02-01-20.wav,03-01-07-01-02-01-20.wav,20,female,7,disgust,normal,2,1,audio,speech,3.637,6
C:\Speech Emotion Recognition\notebooks\..\data\Raw\Audio_Speech_Actors_01-24\Actor_20\03-01-07-01-02-02-20.wav,03-01-07-01-02-02-20.wav,20,female,7,disgust,normal,2,2,audio,speech,3.837,6
C:\Speech Emotion Recognition\notebooks\..\data\Raw\Audio_Speech_Actors_01-24\Actor_20\03-01-07-02-01-01-20.wav,03-01-07-02-01-01-20.wav,20,female,7,disgust,strong,1,1,audio,speech,4.104,6
C:\Speech Emotion Recognition\notebooks\..\data\Raw\Audio_Speech_Actors_01-24\Actor_20\03-01-07-02-01-02-20.wav,03-01-07-02-01-02-20.wav,20,female,7,disgust,strong,1,2,audio,speech,4.104,6
C:\Speech Emotion Recognition\notebooks\..\data\Raw\Audio_Speech_Actors_01-24\Actor_20\03-01-07-02-02-01-20.wav,03-01-07-02-02-01-20.wav,20,female,7,disgust,strong,2,1,audio,speech,4.738,6
C:\Speech Emotion Recognition\notebooks\..\data\Raw\Audio_Speech_Actors_01-24\Actor_20\03-01-07-02-02-02-20.wav,03-01-07-02-02-02-20.wav,20,female,7,disgust,strong,2,2,audio,speech,3.871,6
C:\Speech Emotion Recognition\notebooks\..\data\Raw\Audio_Speech_Actors_01-24\Actor_20\03-01-08-01-01-01-20.wav,03-01-08-01-01-01-20.wav,20,female,8,surprised,normal,1,1,audio,speech,3.237,7
C:\Speech Emotion Recognition\notebooks\..\data\Raw\Audio_Speech_Actors_01-24\Actor_20\03-01-08-01-01-02-20.wav,03-01-08-01-01-02-20.wav,20,female,8,surprised,normal,1,2,audio,speech,3.57,7
C:\Speech Emotion Recognition\notebooks\..\data\Raw\Audio_Speech_Actors_01-24\Actor_20\03-01-08-01-02-01-20.wav,03-01-08-01-02-01-20.wav,20,female,8,surprised,normal,2,1,audio,speech,3.136,7
C:\Speech Emotion Recognition\notebooks\..\data\Raw\Audio_Speech_Actors_01-24\Actor_20\03-01-08-01-02-02-20.wav,03-01-08-01-02-02-20.wav,20,female,8,surprised,normal,2,2,audio,speech,3.203,7
C:\Speech Emotion Recognition\notebooks\..\data\Raw\Audio_Speech_Actors_01-24\Actor_20\03-01-08-02-01-01-20.wav,03-01-08-02-01-01-20.wav,20,female,8,surprised,strong,1,1,audio,speech,3.737,7
C:\Speech Emotion Recognition\notebooks\..\data\Raw\Audio_Speech_Actors_01-24\Actor_20\03-01-08-02-01-02-20.wav,03-01-08-02-01-02-20.wav,20,female,8,surprised,strong,1,2,audio,speech,3.237,7
C:\Speech Emotion Recognition\notebooks\..\data\Raw\Audio_Speech_Actors_01-24\Actor_20\03-01-08-02-02-01-20.wav,03-01-08-02-02-01-20.wav,20,female,8,surprised,strong,2,1,audio,speech,3.537,7
C:\Speech Emotion Recognition\notebooks\..\data\Raw\Audio_Speech_Actors_01-24\Actor_20\03-01-08-02-02-02-20.wav,03-01-08-02-02-02-20.wav,20,female,8,surprised,strong,2,2,audio,speech,3.437,7
C:\Speech Emotion Recognition\notebooks\..\data\Raw\Audio_Speech_Actors_01-24\Actor_21\03-01-01-01-01-01-21.wav,03-01-01-01-01-01-21.wav,21,male,1,neutral,normal,1,1,audio,speech,3.837,0
C:\Speech Emotion Recognition\notebooks\..\data\Raw\Audio_Speech_Actors_01-24\Actor_21\03-01-01-01-01-02-21.wav,03-01-01-01-01-02-21.wav,21,male,1,neutral,normal,1,2,audio,speech,3.971,0
C:\Speech Emotion Recognition\notebooks\..\data\Raw\Audio_Speech_Actors_01-24\Actor_21\03-01-01-01-02-01-21.wav,03-01-01-01-02-01-21.wav,21,male,1,neutral,normal,2,1,audio,speech,3.604,0
C:\Speech Emotion Recognition\notebooks\..\data\Raw\Audio_Speech_Actors_01-24\Actor_21\03-01-01-01-02-02-21.wav,03-01-01-01-02-02-21.wav,21,male,1,neutral,normal,2,2,audio,speech,3.67,0
C:\Speech Emotion Recognition\notebooks\..\data\Raw\Audio_Speech_Actors_01-24\Actor_21\03-01-02-01-01-01-21.wav,03-01-02-01-01-01-21.wav,21,male,2,calm,normal,1,1,audio,speech,4.037,1
C:\Speech Emotion Recognition\notebooks\..\data\Raw\Audio_Speech_Actors_01-24\Actor_21\03-01-02-01-01-02-21.wav,03-01-02-01-01-02-21.wav,21,male,2,calm,normal,1,2,audio,speech,4.004,1
C:\Speech Emotion Recognition\notebooks\..\data\Raw\Audio_Speech_Actors_01-24\Actor_21\03-01-02-01-02-01-21.wav,03-01-02-01-02-01-21.wav,21,male,2,calm,normal,2,1,audio,speech,3.804,1
C:\Speech Emotion Recognition\notebooks\..\data\Raw\Audio_Speech_Actors_01-24\Actor_21\03-01-02-01-02-02-21.wav,03-01-02-01-02-02-21.wav,21,male,2,calm,normal,2,2,audio,speech,4.071,1
C:\Speech Emotion Recognition\notebooks\..\data\Raw\Audio_Speech_Actors_01-24\Actor_21\03-01-02-02-01-01-21.wav,03-01-02-02-01-01-21.wav,21,male,2,calm,strong,1,1,audio,speech,4.004,1
C:\Speech Emotion Recognition\notebooks\..\data\Raw\Audio_Speech_Actors_01-24\Actor_21\03-01-02-02-01-02-21.wav,03-01-02-02-01-02-21.wav,21,male,2,calm,strong,1,2,audio,speech,4.171,1
C:\Speech Emotion Recognition\notebooks\..\data\Raw\Audio_Speech_Actors_01-24\Actor_21\03-01-02-02-02-01-21.wav,03-01-02-02-02-01-21.wav,21,male,2,calm,strong,2,1,audio,speech,4.137,1
C:\Speech Emotion Recognition\notebooks\..\data\Raw\Audio_Speech_Actors_01-24\Actor_21\03-01-02-02-02-02-21.wav,03-01-02-02-02-02-21.wav,21,male,2,calm,strong,2,2,audio,speech,3.971,1
C:\Speech Emotion Recognition\notebooks\..\data\Raw\Audio_Speech_Actors_01-24\Actor_21\03-01-03-01-01-01-21.wav,03-01-03-01-01-01-21.wav,21,male,3,happy,normal,1,1,audio,speech,3.837,2
C:\Speech Emotion Recognition\notebooks\..\data\Raw\Audio_Speech_Actors_01-24\Actor_21\03-01-03-01-01-02-21.wav,03-01-03-01-01-02-21.wav,21,male,3,happy,normal,1,2,audio,speech,3.804,2
C:\Speech Emotion Recognition\notebooks\..\data\Raw\Audio_Speech_Actors_01-24\Actor_21\03-01-03-01-02-01-21.wav,03-01-03-01-02-01-21.wav,21,male,3,happy,normal,2,1,audio,speech,3.704,2
C:\Speech Emotion Recognition\notebooks\..\data\Raw\Audio_Speech_Actors_01-24\Actor_21\03-01-03-01-02-02-21.wav,03-01-03-01-02-02-21.wav,21,male,3,happy,normal,2,2,audio,speech,3.837,2
C:\Speech Emotion Recognition\notebooks\..\data\Raw\Audio_Speech_Actors_01-24\Actor_21\03-01-03-02-01-01-21.wav,03-01-03-02-01-01-21.wav,21,male,3,happy,strong,1,1,audio,speech,3.804,2
C:\Speech Emotion Recognition\notebooks\..\data\Raw\Audio_Speech_Actors_01-24\Actor_21\03-01-03-02-01-02-21.wav,03-01-03-02-01-02-21.wav,21,male,3,happy,strong,1,2,audio,speech,3.937,2
C:\Speech Emotion Recognition\notebooks\..\data\Raw\Audio_Speech_Actors_01-24\Actor_21\03-01-03-02-02-01-21.wav,03-01-03-02-02-01-21.wav,21,male,3,happy,strong,2,1,audio,speech,3.67,2
C:\Speech Emotion Recognition\notebooks\..\data\Raw\Audio_Speech_Actors_01-24\Actor_21\03-01-03-02-02-02-21.wav,03-01-03-02-02-02-21.wav,21,male,3,happy,strong,2,2,audio,speech,3.804,2
C:\Speech Emotion Recognition\notebooks\..\data\Raw\Audio_Speech_Actors_01-24\Actor_21\03-01-04-01-01-01-21.wav,03-01-04-01-01-01-21.wav,21,male,4,sad,normal,1,1,audio,speech,4.304,3
C:\Speech Emotion Recognition\notebooks\..\data\Raw\Audio_Speech_Actors_01-24\Actor_21\03-01-04-01-01-02-21.wav,03-01-04-01-01-02-21.wav,21,male,4,sad,normal,1,2,audio,speech,4.605,3
C:\Speech Emotion Recognition\notebooks\..\data\Raw\Audio_Speech_Actors_01-24\Actor_21\03-01-04-01-02-01-21.wav,03-01-04-01-02-01-21.wav,21,male,4,sad,normal,2,1,audio,speech,4.071,3
C:\Speech Emotion Recognition\notebooks\..\data\Raw\Audio_Speech_Actors_01-24\Actor_21\03-01-04-01-02-02-21.wav,03-01-04-01-02-02-21.wav,21,male,4,sad,normal,2,2,audio,speech,4.204,3
C:\Speech Emotion Recognition\notebooks\..\data\Raw\Audio_Speech_Actors_01-24\Actor_21\03-01-04-02-01-01-21.wav,03-01-04-02-01-01-21.wav,21,male,4,sad,strong,1,1,audio,speech,4.171,3
C:\Speech Emotion Recognition\notebooks\..\data\Raw\Audio_Speech_Actors_01-24\Actor_21\03-01-04-02-01-02-21.wav,03-01-04-02-01-02-21.wav,21,male,4,sad,strong,1,2,audio,speech,4.271,3
C:\Speech Emotion Recognition\notebooks\..\data\Raw\Audio_Speech_Actors_01-24\Actor_21\03-01-04-02-02-01-21.wav,03-01-04-02-02-01-21.wav,21,male,4,sad,strong,2,1,audio,speech,4.271,3
C:\Speech Emotion Recognition\notebooks\..\data\Raw\Audio_Speech_Actors_01-24\Actor_21\03-01-04-02-02-02-21.wav,03-01-04-02-02-02-21.wav,21,male,4,sad,strong,2,2,audio,speech,4.137,3
C:\Speech Emotion Recognition\notebooks\..\data\Raw\Audio_Speech_Actors_01-24\Actor_21\03-01-05-01-01-01-21.wav,03-01-05-01-01-01-21.wav,21,male,5,angry,normal,1,1,audio,speech,4.137,4
C:\Speech Emotion Recognition\notebooks\..\data\Raw\Audio_Speech_Actors_01-24\Actor_21\03-01-05-01-01-02-21.wav,03-01-05-01-01-02-21.wav,21,male,5,angry,normal,1,2,audio,speech,4.004,4
C:\Speech Emotion Recognition\notebooks\..\data\Raw\Audio_Speech_Actors_01-24\Actor_21\03-01-05-01-02-01-21.wav,03-01-05-01-02-01-21.wav,21,male,5,angry,normal,2,1,audio,speech,4.071,4
C:\Speech Emotion Recognition\notebooks\..\data\Raw\Audio_Speech_Actors_01-24\Actor_21\03-01-05-01-02-02-21.wav,03-01-05-01-02-02-21.wav,21,male,5,angry,normal,2,2,audio,speech,3.937,4
C:\Speech Emotion Recognition\notebooks\..\data\Raw\Audio_Speech_Actors_01-24\Actor_21\03-01-05-02-01-01-21.wav,03-01-05-02-01-01-21.wav,21,male,5,angry,strong,1,1,audio,speech,4.371,4
C:\Speech Emotion Recognition\notebooks\..\data\Raw\Audio_Speech_Actors_01-24\Actor_21\03-01-05-02-01-02-21.wav,03-01-05-02-01-02-21.wav,21,male,5,angry,strong,1,2,audio,speech,4.471,4
C:\Speech Emotion Recognition\notebooks\..\data\Raw\Audio_Speech_Actors_01-24\Actor_21\03-01-05-02-02-01-21.wav,03-01-05-02-02-01-21.wav,21,male,5,angry,strong,2,1,audio,speech,4.104,4
C:\Speech Emotion Recognition\notebooks\..\data\Raw\Audio_Speech_Actors_01-24\Actor_21\03-01-05-02-02-02-21.wav,03-01-05-02-02-02-21.wav,21,male,5,angry,strong,2,2,audio,speech,4.238,4
C:\Speech Emotion Recognition\notebooks\..\data\Raw\Audio_Speech_Actors_01-24\Actor_21\03-01-06-01-01-01-21.wav,03-01-06-01-01-01-21.wav,21,male,6,fearful,normal,1,1,audio,speech,3.67,5
C:\Speech Emotion Recognition\notebooks\..\data\Raw\Audio_Speech_Actors_01-24\Actor_21\03-01-06-01-01-02-21.wav,03-01-06-01-01-02-21.wav,21,male,6,fearful,normal,1,2,audio,speech,3.77,5
C:\Speech Emotion Recognition\notebooks\..\data\Raw\Audio_Speech_Actors_01-24\Actor_21\03-01-06-01-02-01-21.wav,03-01-06-01-02-01-21.wav,21,male,6,fearful,normal,2,1,audio,speech,3.971,5
C:\Speech Emotion Recognition\notebooks\..\data\Raw\Audio_Speech_Actors_01-24\Actor_21\03-01-06-01-02-02-21.wav,03-01-06-01-02-02-21.wav,21,male,6,fearful,normal,2,2,audio,speech,4.071,5
C:\Speech Emotion Recognition\notebooks\..\data\Raw\Audio_Speech_Actors_01-24\Actor_21\03-01-06-02-01-01-21.wav,03-01-06-02-01-01-21.wav,21,male,6,fearful,strong,1,1,audio,speech,3.971,5
C:\Speech Emotion Recognition\notebooks\..\data\Raw\Audio_Speech_Actors_01-24\Actor_21\03-01-06-02-01-02-21.wav,03-01-06-02-01-02-21.wav,21,male,6,fearful,strong,1,2,audio,speech,3.837,5
C:\Speech Emotion Recognition\notebooks\..\data\Raw\Audio_Speech_Actors_01-24\Actor_21\03-01-06-02-02-01-21.wav,03-01-06-02-02-01-21.wav,21,male,6,fearful,strong,2,1,audio,speech,3.77,5
C:\Speech Emotion Recognition\notebooks\..\data\Raw\Audio_Speech_Actors_01-24\Actor_21\03-01-06-02-02-02-21.wav,03-01-06-02-02-02-21.wav,21,male,6,fearful,strong,2,2,audio,speech,3.637,5
C:\Speech Emotion Recognition\notebooks\..\data\Raw\Audio_Speech_Actors_01-24\Actor_21\03-01-07-01-01-01-21.wav,03-01-07-01-01-01-21.wav,21,male,7,disgust,normal,1,1,audio,speech,3.804,6
C:\Speech Emotion Recognition\notebooks\..\data\Raw\Audio_Speech_Actors_01-24\Actor_21\03-01-07-01-01-02-21.wav,03-01-07-01-01-02-21.wav,21,male,7,disgust,normal,1,2,audio,speech,4.071,6
C:\Speech Emotion Recognition\notebooks\..\data\Raw\Audio_Speech_Actors_01-24\Actor_21\03-01-07-01-02-01-21.wav,03-01-07-01-02-01-21.wav,21,male,7,disgust,normal,2,1,audio,speech,3.637,6
C:\Speech Emotion Recognition\notebooks\..\data\Raw\Audio_Speech_Actors_01-24\Actor_21\03-01-07-01-02-02-21.wav,03-01-07-01-02-02-21.wav,21,male,7,disgust,normal,2,2,audio,speech,3.604,6
C:\Speech Emotion Recognition\notebooks\..\data\Raw\Audio_Speech_Actors_01-24\Actor_21\03-01-07-02-01-01-21.wav,03-01-07-02-01-01-21.wav,21,male,7,disgust,strong,1,1,audio,speech,4.071,6
C:\Speech Emotion Recognition\notebooks\..\data\Raw\Audio_Speech_Actors_01-24\Actor_21\03-01-07-02-01-02-21.wav,03-01-07-02-01-02-21.wav,21,male,7,disgust,strong,1,2,audio,speech,4.037,6
C:\Speech Emotion Recognition\notebooks\..\data\Raw\Audio_Speech_Actors_01-24\Actor_21\03-01-07-02-02-01-21.wav,03-01-07-02-02-01-21.wav,21,male,7,disgust,strong,2,1,audio,speech,4.171,6
C:\Speech Emotion Recognition\notebooks\..\data\Raw\Audio_Speech_Actors_01-24\Actor_21\03-01-07-02-02-02-21.wav,03-01-07-02-02-02-21.wav,21,male,7,disgust,strong,2,2,audio,speech,3.971,6
C:\Speech Emotion Recognition\notebooks\..\data\Raw\Audio_Speech_Actors_01-24\Actor_21\03-01-08-01-01-01-21.wav,03-01-08-01-01-01-21.wav,21,male,8,surprised,normal,1,1,audio,speech,3.503,7
C:\Speech Emotion Recognition\notebooks\..\data\Raw\Audio_Speech_Actors_01-24\Actor_21\03-01-08-01-01-02-21.wav,03-01-08-01-01-02-21.wav,21,male,8,surprised,normal,1,2,audio,speech,3.47,7
C:\Speech Emotion Recognition\notebooks\..\data\Raw\Audio_Speech_Actors_01-24\Actor_21\03-01-08-01-02-01-21.wav,03-01-08-01-02-01-21.wav,21,male,8,surprised,normal,2,1,audio,speech,3.47,7
C:\Speech Emotion Recognition\notebooks\..\data\Raw\Audio_Speech_Actors_01-24\Actor_21\03-01-08-01-02-02-21.wav,03-01-08-01-02-02-21.wav,21,male,8,surprised,normal,2,2,audio,speech,3.57,7
C:\Speech Emotion Recognition\notebooks\..\data\Raw\Audio_Speech_Actors_01-24\Actor_21\03-01-08-02-01-01-21.wav,03-01-08-02-01-01-21.wav,21,male,8,surprised,strong,1,1,audio,speech,3.637,7
C:\Speech Emotion Recognition\notebooks\..\data\Raw\Audio_Speech_Actors_01-24\Actor_21\03-01-08-02-01-02-21.wav,03-01-08-02-01-02-21.wav,21,male,8,surprised,strong,1,2,audio,speech,3.637,7
C:\Speech Emotion Recognition\notebooks\..\data\Raw\Audio_Speech_Actors_01-24\Actor_21\03-01-08-02-02-01-21.wav,03-01-08-02-02-01-21.wav,21,male,8,surprised,strong,2,1,audio,speech,3.47,7
C:\Speech Emotion Recognition\notebooks\..\data\Raw\Audio_Speech_Actors_01-24\Actor_21\03-01-08-02-02-02-21.wav,03-01-08-02-02-02-21.wav,21,male,8,surprised,strong,2,2,audio,speech,3.537,7
C:\Speech Emotion Recognition\notebooks\..\data\Raw\Audio_Speech_Actors_01-24\Actor_22\03-01-01-01-01-01-22.wav,03-01-01-01-01-01-22.wav,22,female,1,neutral,normal,1,1,audio,speech,3.637,0
C:\Speech Emotion Recognition\notebooks\..\data\Raw\Audio_Speech_Actors_01-24\Actor_22\03-01-01-01-01-02-22.wav,03-01-01-01-01-02-22.wav,22,female,1,neutral,normal,1,2,audio,speech,3.437,0
C:\Speech Emotion Recognition\notebooks\..\data\Raw\Audio_Speech_Actors_01-24\Actor_22\03-01-01-01-02-01-22.wav,03-01-01-01-02-01-22.wav,22,female,1,neutral,normal,2,1,audio,speech,3.604,0
C:\Speech Emotion Recognition\notebooks\..\data\Raw\Audio_Speech_Actors_01-24\Actor_22\03-01-01-01-02-02-22.wav,03-01-01-01-02-02-22.wav,22,female,1,neutral,normal,2,2,audio,speech,3.537,0
C:\Speech Emotion Recognition\notebooks\..\data\Raw\Audio_Speech_Actors_01-24\Actor_22\03-01-02-01-01-01-22.wav,03-01-02-01-01-01-22.wav,22,female,2,calm,normal,1,1,audio,speech,3.537,1
C:\Speech Emotion Recognition\notebooks\..\data\Raw\Audio_Speech_Actors_01-24\Actor_22\03-01-02-01-01-02-22.wav,03-01-02-01-01-02-22.wav,22,female,2,calm,normal,1,2,audio,speech,3.57,1
C:\Speech Emotion Recognition\notebooks\..\data\Raw\Audio_Speech_Actors_01-24\Actor_22\03-01-02-01-02-01-22.wav,03-01-02-01-02-01-22.wav,22,female,2,calm,normal,2,1,audio,speech,3.57,1
C:\Speech Emotion Recognition\notebooks\..\data\Raw\Audio_Speech_Actors_01-24\Actor_22\03-01-02-01-02-02-22.wav,03-01-02-01-02-02-22.wav,22,female,2,calm,normal,2,2,audio,speech,3.537,1
C:\Speech Emotion Recognition\notebooks\..\data\Raw\Audio_Speech_Actors_01-24\Actor_22\03-01-02-02-01-01-22.wav,03-01-02-02-01-01-22.wav,22,female,2,calm,strong,1,1,audio,speech,3.704,1
C:\Speech Emotion Recognition\notebooks\..\data\Raw\Audio_Speech_Actors_01-24\Actor_22\03-01-02-02-01-02-22.wav,03-01-02-02-01-02-22.wav,22,female,2,calm,strong,1,2,audio,speech,3.837,1
C:\Speech Emotion Recognition\notebooks\..\data\Raw\Audio_Speech_Actors_01-24\Actor_22\03-01-02-02-02-01-22.wav,03-01-02-02-02-01-22.wav,22,female,2,calm,strong,2,1,audio,speech,3.637,1
C:\Speech Emotion Recognition\notebooks\..\data\Raw\Audio_Speech_Actors_01-24\Actor_22\03-01-02-02-02-02-22.wav,03-01-02-02-02-02-22.wav,22,female,2,calm,strong,2,2,audio,speech,3.77,1
C:\Speech Emotion Recognition\notebooks\..\data\Raw\Audio_Speech_Actors_01-24\Actor_22\03-01-03-01-01-01-22.wav,03-01-03-01-01-01-22.wav,22,female,3,happy,normal,1,1,audio,speech,3.537,2
C:\Speech Emotion Recognition\notebooks\..\data\Raw\Audio_Speech_Actors_01-24\Actor_22\03-01-03-01-01-02-22.wav,03-01-03-01-01-02-22.wav,22,female,3,happy,normal,1,2,audio,speech,3.437,2
C:\Speech Emotion Recognition\notebooks\..\data\Raw\Audio_Speech_Actors_01-24\Actor_22\03-01-03-01-02-01-22.wav,03-01-03-01-02-01-22.wav,22,female,3,happy,normal,2,1,audio,speech,3.503,2
C:\Speech Emotion Recognition\notebooks\..\data\Raw\Audio_Speech_Actors_01-24\Actor_22\03-01-03-01-02-02-22.wav,03-01-03-01-02-02-22.wav,22,female,3,happy,normal,2,2,audio,speech,3.503,2
C:\Speech Emotion Recognition\notebooks\..\data\Raw\Audio_Speech_Actors_01-24\Actor_22\03-01-03-02-01-01-22.wav,03-01-03-02-01-01-22.wav,22,female,3,happy,strong,1,1,audio,speech,3.737,2
C:\Speech Emotion Recognition\notebooks\..\data\Raw\Audio_Speech_Actors_01-24\Actor_22\03-01-03-02-01-02-22.wav,03-01-03-02-01-02-22.wav,22,female,3,happy,strong,1,2,audio,speech,3.837,2
C:\Speech Emotion Recognition\notebooks\..\data\Raw\Audio_Speech_Actors_01-24\Actor_22\03-01-03-02-02-01-22.wav,03-01-03-02-02-01-22.wav,22,female,3,happy,strong,2,1,audio,speech,3.67,2
C:\Speech Emotion Recognition\notebooks\..\data\Raw\Audio_Speech_Actors_01-24\Actor_22\03-01-03-02-02-02-22.wav,03-01-03-02-02-02-22.wav,22,female,3,happy,strong,2,2,audio,speech,3.937,2
C:\Speech Emotion Recognition\notebooks\..\data\Raw\Audio_Speech_Actors_01-24\Actor_22\03-01-04-01-01-01-22.wav,03-01-04-01-01-01-22.wav,22,female,4,sad,normal,1,1,audio,speech,3.604,3
C:\Speech Emotion Recognition\notebooks\..\data\Raw\Audio_Speech_Actors_01-24\Actor_22\03-01-04-01-01-02-22.wav,03-01-04-01-01-02-22.wav,22,female,4,sad,normal,1,2,audio,speech,3.704,3
C:\Speech Emotion Recognition\notebooks\..\data\Raw\Audio_Speech_Actors_01-24\Actor_22\03-01-04-01-02-01-22.wav,03-01-04-01-02-01-22.wav,22,female,4,sad,normal,2,1,audio,speech,3.67,3
C:\Speech Emotion Recognition\notebooks\..\data\Raw\Audio_Speech_Actors_01-24\Actor_22\03-01-04-01-02-02-22.wav,03-01-04-01-02-02-22.wav,22,female,4,sad,normal,2,2,audio,speech,3.704,3
C:\Speech Emotion Recognition\notebooks\..\data\Raw\Audio_Speech_Actors_01-24\Actor_22\03-01-04-02-01-01-22.wav,03-01-04-02-01-01-22.wav,22,female,4,sad,strong,1,1,audio,speech,3.737,3
C:\Speech Emotion Recognition\notebooks\..\data\Raw\Audio_Speech_Actors_01-24\Actor_22\03-01-04-02-01-02-22.wav,03-01-04-02-01-02-22.wav,22,female,4,sad,strong,1,2,audio,speech,3.637,3
C:\Speech Emotion Recognition\notebooks\..\data\Raw\Audio_Speech_Actors_01-24\Actor_22\03-01-04-02-02-01-22.wav,03-01-04-02-02-01-22.wav,22,female,4,sad,strong,2,1,audio,speech,3.737,3
C:\Speech Emotion Recognition\notebooks\..\data\Raw\Audio_Speech_Actors_01-24\Actor_22\03-01-04-02-02-02-22.wav,03-01-04-02-02-02-22.wav,22,female,4,sad,strong,2,2,audio,speech,3.837,3
C:\Speech Emotion Recognition\notebooks\..\data\Raw\Audio_Speech_Actors_01-24\Actor_22\03-01-05-01-01-01-22.wav,03-01-05-01-01-01-22.wav,22,female,5,angry,normal,1,1,audio,speech,3.704,4
C:\Speech Emotion Recognition\notebooks\..\data\Raw\Audio_Speech_Actors_01-24\Actor_22\03-01-05-01-01-02-22.wav,03-01-05-01-01-02-22.wav,22,female,5,angry,normal,1,2,audio,speech,3.737,4
C:\Speech Emotion Recognition\notebooks\..\data\Raw\Audio_Speech_Actors_01-24\Actor_22\03-01-05-01-02-01-22.wav,03-01-05-01-02-01-22.wav,22,female,5,angry,normal,2,1,audio,speech,3.871,4
C:\Speech Emotion Recognition\notebooks\..\data\Raw\Audio_Speech_Actors_01-24\Actor_22\03-01-05-01-02-02-22.wav,03-01-05-01-02-02-22.wav,22,female,5,angry,normal,2,2,audio,speech,4.037,4
C:\Speech Emotion Recognition\notebooks\..\data\Raw\Audio_Speech_Actors_01-24\Actor_22\03-01-05-02-01-01-22.wav,03-01-05-02-01-01-22.wav,22,female,5,angry,strong,1,1,audio,speech,3.871,4
C:\Speech Emotion Recognition\notebooks\..\data\Raw\Audio_Speech_Actors_01-24\Actor_22\03-01-05-02-01-02-22.wav,03-01-05-02-01-02-22.wav,22,female,5,angry,strong,1,2,audio,speech,3.904,4
C:\Speech Emotion Recognition\notebooks\..\data\Raw\Audio_Speech_Actors_01-24\Actor_22\03-01-05-02-02-01-22.wav,03-01-05-02-02-01-22.wav,22,female,5,angry,strong,2,1,audio,speech,4.238,4
C:\Speech Emotion Recognition\notebooks\..\data\Raw\Audio_Speech_Actors_01-24\Actor_22\03-01-05-02-02-02-22.wav,03-01-05-02-02-02-22.wav,22,female,5,angry,strong,2,2,audio,speech,4.204,4
C:\Speech Emotion Recognition\notebooks\..\data\Raw\Audio_Speech_Actors_01-24\Actor_22\03-01-06-01-01-01-22.wav,03-01-06-01-01-01-22.wav,22,female,6,fearful,normal,1,1,audio,speech,3.57,5
C:\Speech Emotion Recognition\notebooks\..\data\Raw\Audio_Speech_Actors_01-24\Actor_22\03-01-06-01-01-02-22.wav,03-01-06-01-01-02-22.wav,22,female,6,fearful,normal,1,2,audio,speech,3.604,5
C:\Speech Emotion Recognition\notebooks\..\data\Raw\Audio_Speech_Actors_01-24\Actor_22\03-01-06-01-02-01-22.wav,03-01-06-01-02-01-22.wav,22,female,6,fearful,normal,2,1,audio,speech,3.67,5
C:\Speech Emotion Recognition\notebooks\..\data\Raw\Audio_Speech_Actors_01-24\Actor_22\03-01-06-01-02-02-22.wav,03-01-06-01-02-02-22.wav,22,female,6,fearful,normal,2,2,audio,speech,3.537,5
C:\Speech Emotion Recognition\notebooks\..\data\Raw\Audio_Speech_Actors_01-24\Actor_22\03-01-06-02-01-01-22.wav,03-01-06-02-01-01-22.wav,22,female,6,fearful,strong,1,1,audio,speech,3.57,5
C:\Speech Emotion Recognition\notebooks\..\data\Raw\Audio_Speech_Actors_01-24\Actor_22\03-01-06-02-01-02-22.wav,03-01-06-02-01-02-22.wav,22,female,6,fearful,strong,1,2,audio,speech,3.57,5
C:\Speech Emotion Recognition\notebooks\..\data\Raw\Audio_Speech_Actors_01-24\Actor_22\03-01-06-02-02-01-22.wav,03-01-06-02-02-01-22.wav,22,female,6,fearful,strong,2,1,audio,speech,3.67,5
C:\Speech Emotion Recognition\notebooks\..\data\Raw\Audio_Speech_Actors_01-24\Actor_22\03-01-06-02-02-02-22.wav,03-01-06-02-02-02-22.wav,22,female,6,fearful,strong,2,2,audio,speech,3.604,5
C:\Speech Emotion Recognition\notebooks\..\data\Raw\Audio_Speech_Actors_01-24\Actor_22\03-01-07-01-01-01-22.wav,03-01-07-01-01-01-22.wav,22,female,7,disgust,normal,1,1,audio,speech,3.704,6
C:\Speech Emotion Recognition\notebooks\..\data\Raw\Audio_Speech_Actors_01-24\Actor_22\03-01-07-01-01-02-22.wav,03-01-07-01-01-02-22.wav,22,female,7,disgust,normal,1,2,audio,speech,3.904,6
C:\Speech Emotion Recognition\notebooks\..\data\Raw\Audio_Speech_Actors_01-24\Actor_22\03-01-07-01-02-01-22.wav,03-01-07-01-02-01-22.wav,22,female,7,disgust,normal,2,1,audio,speech,3.804,6
C:\Speech Emotion Recognition\notebooks\..\data\Raw\Audio_Speech_Actors_01-24\Actor_22\03-01-07-01-02-02-22.wav,03-01-07-01-02-02-22.wav,22,female,7,disgust,normal,2,2,audio,speech,3.837,6
C:\Speech Emotion Recognition\notebooks\..\data\Raw\Audio_Speech_Actors_01-24\Actor_22\03-01-07-02-01-01-22.wav,03-01-07-02-01-01-22.wav,22,female,7,disgust,strong,1,1,audio,speech,4.238,6
C:\Speech Emotion Recognition\notebooks\..\data\Raw\Audio_Speech_Actors_01-24\Actor_22\03-01-07-02-01-02-22.wav,03-01-07-02-01-02-22.wav,22,female,7,disgust,strong,1,2,audio,speech,4.171,6
C:\Speech Emotion Recognition\notebooks\..\data\Raw\Audio_Speech_Actors_01-24\Actor_22\03-01-07-02-02-01-22.wav,03-01-07-02-02-01-22.wav,22,female,7,disgust,strong,2,1,audio,speech,4.204,6
C:\Speech Emotion Recognition\notebooks\..\data\Raw\Audio_Speech_Actors_01-24\Actor_22\03-01-07-02-02-02-22.wav,03-01-07-02-02-02-22.wav,22,female,7,disgust,strong,2,2,audio,speech,4.104,6
C:\Speech Emotion Recognition\notebooks\..\data\Raw\Audio_Speech_Actors_01-24\Actor_22\03-01-08-01-01-01-22.wav,03-01-08-01-01-01-22.wav,22,female,8,surprised,normal,1,1,audio,speech,3.537,7
C:\Speech Emotion Recognition\notebooks\..\data\Raw\Audio_Speech_Actors_01-24\Actor_22\03-01-08-01-01-02-22.wav,03-01-08-01-01-02-22.wav,22,female,8,surprised,normal,1,2,audio,speech,3.57,7
C:\Speech Emotion Recognition\notebooks\..\data\Raw\Audio_Speech_Actors_01-24\Actor_22\03-01-08-01-02-01-22.wav,03-01-08-01-02-01-22.wav,22,female,8,surprised,normal,2,1,audio,speech,3.437,7
C:\Speech Emotion Recognition\notebooks\..\data\Raw\Audio_Speech_Actors_01-24\Actor_22\03-01-08-01-02-02-22.wav,03-01-08-01-02-02-22.wav,22,female,8,surprised,normal,2,2,audio,speech,3.604,7
C:\Speech Emotion Recognition\notebooks\..\data\Raw\Audio_Speech_Actors_01-24\Actor_22\03-01-08-02-01-01-22.wav,03-01-08-02-01-01-22.wav,22,female,8,surprised,strong,1,1,audio,speech,3.57,7
C:\Speech Emotion Recognition\notebooks\..\data\Raw\Audio_Speech_Actors_01-24\Actor_22\03-01-08-02-01-02-22.wav,03-01-08-02-01-02-22.wav,22,female,8,surprised,strong,1,2,audio,speech,3.737,7
C:\Speech Emotion Recognition\notebooks\..\data\Raw\Audio_Speech_Actors_01-24\Actor_22\03-01-08-02-02-01-22.wav,03-01-08-02-02-01-22.wav,22,female,8,surprised,strong,2,1,audio,speech,3.704,7
C:\Speech Emotion Recognition\notebooks\..\data\Raw\Audio_Speech_Actors_01-24\Actor_22\03-01-08-02-02-02-22.wav,03-01-08-02-02-02-22.wav,22,female,8,surprised,strong,2,2,audio,speech,3.637,7
C:\Speech Emotion Recognition\notebooks\..\data\Raw\Audio_Speech_Actors_01-24\Actor_23\03-01-01-01-01-01-23.wav,03-01-01-01-01-01-23.wav,23,male,1,neutral,normal,1,1,audio,speech,3.804,0
C:\Speech Emotion Recognition\notebooks\..\data\Raw\Audio_Speech_Actors_01-24\Actor_23\03-01-01-01-01-02-23.wav,03-01-01-01-01-02-23.wav,23,male,1,neutral,normal,1,2,audio,speech,3.737,0
C:\Speech Emotion Recognition\notebooks\..\data\Raw\Audio_Speech_Actors_01-24\Actor_23\03-01-01-01-02-01-23.wav,03-01-01-01-02-01-23.wav,23,male,1,neutral,normal,2,1,audio,speech,3.67,0
C:\Speech Emotion Recognition\notebooks\..\data\Raw\Audio_Speech_Actors_01-24\Actor_23\03-01-01-01-02-02-23.wav,03-01-01-01-02-02-23.wav,23,male,1,neutral,normal,2,2,audio,speech,3.837,0
C:\Speech Emotion Recognition\notebooks\..\data\Raw\Audio_Speech_Actors_01-24\Actor_23\03-01-02-01-01-01-23.wav,03-01-02-01-01-01-23.wav,23,male,2,calm,normal,1,1,audio,speech,3.971,1
C:\Speech Emotion Recognition\notebooks\..\data\Raw\Audio_Speech_Actors_01-24\Actor_23\03-01-02-01-01-02-23.wav,03-01-02-01-01-02-23.wav,23,male,2,calm,normal,1,2,audio,speech,4.071,1
C:\Speech Emotion Recognition\notebooks\..\data\Raw\Audio_Speech_Actors_01-24\Actor_23\03-01-02-01-02-01-23.wav,03-01-02-01-02-01-23.wav,23,male,2,calm,normal,2,1,audio,speech,4.171,1
C:\Speech Emotion Recognition\notebooks\..\data\Raw\Audio_Speech_Actors_01-24\Actor_23\03-01-02-01-02-02-23.wav,03-01-02-01-02-02-23.wav,23,male,2,calm,normal,2,2,audio,speech,4.004,1
C:\Speech Emotion Recognition\notebooks\..\data\Raw\Audio_Speech_Actors_01-24\Actor_23\03-01-02-02-01-01-23.wav,03-01-02-02-01-01-23.wav,23,male,2,calm,strong,1,1,audio,speech,4.605,1
C:\Speech Emotion Recognition\notebooks\..\data\Raw\Audio_Speech_Actors_01-24\Actor_23\03-01-02-02-01-02-23.wav,03-01-02-02-01-02-23.wav,23,male,2,calm,strong,1,2,audio,speech,4.605,1
C:\Speech Emotion Recognition\notebooks\..\data\Raw\Audio_Speech_Actors_01-24\Actor_23\03-01-02-02-02-01-23.wav,03-01-02-02-02-01-23.wav,23,male,2,calm,strong,2,1,audio,speech,4.104,1
C:\Speech Emotion Recognition\notebooks\..\data\Raw\Audio_Speech_Actors_01-24\Actor_23\03-01-02-02-02-02-23.wav,03-01-02-02-02-02-23.wav,23,male,2,calm,strong,2,2,audio,speech,4.571,1
C:\Speech Emotion Recognition\notebooks\..\data\Raw\Audio_Speech_Actors_01-24\Actor_23\03-01-03-01-01-01-23.wav,03-01-03-01-01-01-23.wav,23,male,3,happy,normal,1,1,audio,speech,3.337,2
C:\Speech Emotion Recognition\notebooks\..\data\Raw\Audio_Speech_Actors_01-24\Actor_23\03-01-03-01-01-02-23.wav,03-01-03-01-01-02-23.wav,23,male,3,happy,normal,1,2,audio,speech,3.27,2
C:\Speech Emotion Recognition\notebooks\..\data\Raw\Audio_Speech_Actors_01-24\Actor_23\03-01-03-01-02-01-23.wav,03-01-03-01-02-01-23.wav,23,male,3,happy,normal,2,1,audio,speech,3.237,2
C:\Speech Emotion Recognition\notebooks\..\data\Raw\Audio_Speech_Actors_01-24\Actor_23\03-01-03-01-02-02-23.wav,03-01-03-01-02-02-23.wav,23,male,3,happy,normal,2,2,audio,speech,3.27,2
C:\Speech Emotion Recognition\notebooks\..\data\Raw\Audio_Speech_Actors_01-24\Actor_23\03-01-03-02-01-01-23.wav,03-01-03-02-01-01-23.wav,23,male,3,happy,strong,1,1,audio,speech,3.237,2
C:\Speech Emotion Recognition\notebooks\..\data\Raw\Audio_Speech_Actors_01-24\Actor_23\03-01-03-02-01-02-23.wav,03-01-03-02-01-02-23.wav,23,male,3,happy,strong,1,2,audio,speech,3.203,2
C:\Speech Emotion Recognition\notebooks\..\data\Raw\Audio_Speech_Actors_01-24\Actor_23\03-01-03-02-02-01-23.wav,03-01-03-02-02-01-23.wav,23,male,3,happy,strong,2,1,audio,speech,3.237,2
C:\Speech Emotion Recognition\notebooks\..\data\Raw\Audio_Speech_Actors_01-24\Actor_23\03-01-03-02-02-02-23.wav,03-01-03-02-02-02-23.wav,23,male,3,happy,strong,2,2,audio,speech,3.237,2
C:\Speech Emotion Recognition\notebooks\..\data\Raw\Audio_Speech_Actors_01-24\Actor_23\03-01-04-01-01-01-23.wav,03-01-04-01-01-01-23.wav,23,male,4,sad,normal,1,1,audio,speech,3.604,3
C:\Speech Emotion Recognition\notebooks\..\data\Raw\Audio_Speech_Actors_01-24\Actor_23\03-01-04-01-01-02-23.wav,03-01-04-01-01-02-23.wav,23,male,4,sad,normal,1,2,audio,speech,3.871,3
C:\Speech Emotion Recognition\notebooks\..\data\Raw\Audio_Speech_Actors_01-24\Actor_23\03-01-04-01-02-01-23.wav,03-01-04-01-02-01-23.wav,23,male,4,sad,normal,2,1,audio,speech,3.57,3
C:\Speech Emotion Recognition\notebooks\..\data\Raw\Audio_Speech_Actors_01-24\Actor_23\03-01-04-01-02-02-23.wav,03-01-04-01-02-02-23.wav,23,male,4,sad,normal,2,2,audio,speech,3.67,3
C:\Speech Emotion Recognition\notebooks\..\data\Raw\Audio_Speech_Actors_01-24\Actor_23\03-01-04-02-01-01-23.wav,03-01-04-02-01-01-23.wav,23,male,4,sad,strong,1,1,audio,speech,4.271,3
C:\Speech Emotion Recognition\notebooks\..\data\Raw\Audio_Speech_Actors_01-24\Actor_23\03-01-04-02-01-02-23.wav,03-01-04-02-01-02-23.wav,23,male,4,sad,strong,1,2,audio,speech,4.371,3
C:\Speech Emotion Recognition\notebooks\..\data\Raw\Audio_Speech_Actors_01-24\Actor_23\03-01-04-02-02-01-23.wav,03-01-04-02-02-01-23.wav,23,male,4,sad,strong,2,1,audio,speech,3.937,3
C:\Speech Emotion Recognition\notebooks\..\data\Raw\Audio_Speech_Actors_01-24\Actor_23\03-01-04-02-02-02-23.wav,03-01-04-02-02-02-23.wav,23,male,4,sad,strong,2,2,audio,speech,4.738,3
C:\Speech Emotion Recognition\notebooks\..\data\Raw\Audio_Speech_Actors_01-24\Actor_23\03-01-05-01-01-01-23.wav,03-01-05-01-01-01-23.wav,23,male,5,angry,normal,1,1,audio,speech,3.303,4
C:\Speech Emotion Recognition\notebooks\..\data\Raw\Audio_Speech_Actors_01-24\Actor_23\03-01-05-01-01-02-23.wav,03-01-05-01-01-02-23.wav,23,male,5,angry,normal,1,2,audio,speech,3.303,4
C:\Speech Emotion Recognition\notebooks\..\data\Raw\Audio_Speech_Actors_01-24\Actor_23\03-01-05-01-02-01-23.wav,03-01-05-01-02-01-23.wav,23,male,5,angry,normal,2,1,audio,speech,3.27,4
C:\Speech Emotion Recognition\notebooks\..\data\Raw\Audio_Speech_Actors_01-24\Actor_23\03-01-05-01-02-02-23.wav,03-01-05-01-02-02-23.wav,23,male,5,angry,normal,2,2,audio,speech,3.337,4
C:\Speech Emotion Recognition\notebooks\..\data\Raw\Audio_Speech_Actors_01-24\Actor_23\03-01-05-02-01-01-23.wav,03-01-05-02-01-01-23.wav,23,male,5,angry,strong,1,1,audio,speech,3.403,4
C:\Speech Emotion Recognition\notebooks\..\data\Raw\Audio_Speech_Actors_01-24\Actor_23\03-01-05-02-01-02-23.wav,03-01-05-02-01-02-23.wav,23,male,5,angry,strong,1,2,audio,speech,3.337,4
C:\Speech Emotion Recognition\notebooks\..\data\Raw\Audio_Speech_Actors_01-24\Actor_23\03-01-05-02-02-01-23.wav,03-01-05-02-02-01-23.wav,23,male,5,angry,strong,2,1,audio,speech,3.237,4
C:\Speech Emotion Recognition\notebooks\..\data\Raw\Audio_Speech_Actors_01-24\Actor_23\03-01-05-02-02-02-23.wav,03-01-05-02-02-02-23.wav,23,male,5,angry,strong,2,2,audio,speech,3.303,4
C:\Speech Emotion Recognition\notebooks\..\data\Raw\Audio_Speech_Actors_01-24\Actor_23\03-01-06-01-01-01-23.wav,03-01-06-01-01-01-23.wav,23,male,6,fearful,normal,1,1,audio,speech,3.437,5
C:\Speech Emotion Recognition\notebooks\..\data\Raw\Audio_Speech_Actors_01-24\Actor_23\03-01-06-01-01-02-23.wav,03-01-06-01-01-02-23.wav,23,male,6,fearful,normal,1,2,audio,speech,3.237,5
C:\Speech Emotion Recognition\notebooks\..\data\Raw\Audio_Speech_Actors_01-24\Actor_23\03-01-06-01-02-01-23.wav,03-01-06-01-02-01-23.wav,23,male,6,fearful,normal,2,1,audio,speech,3.136,5
C:\Speech Emotion Recognition\notebooks\..\data\Raw\Audio_Speech_Actors_01-24\Actor_23\03-01-06-01-02-02-23.wav,03-01-06-01-02-02-23.wav,23,male,6,fearful,normal,2,2,audio,speech,3.103,5
C:\Speech Emotion Recognition\notebooks\..\data\Raw\Audio_Speech_Actors_01-24\Actor_23\03-01-06-02-01-01-23.wav,03-01-06-02-01-01-23.wav,23,male,6,fearful,strong,1,1,audio,speech,3.57,5
C:\Speech Emotion Recognition\notebooks\..\data\Raw\Audio_Speech_Actors_01-24\Actor_23\03-01-06-02-01-02-23.wav,03-01-06-02-01-02-23.wav,23,male,6,fearful,strong,1,2,audio,speech,3.437,5
C:\Speech Emotion Recognition\notebooks\..\data\Raw\Audio_Speech_Actors_01-24\Actor_23\03-01-06-02-02-01-23.wav,03-01-06-02-02-01-23.wav,23,male,6,fearful,strong,2,1,audio,speech,3.57,5
C:\Speech Emotion Recognition\notebooks\..\data\Raw\Audio_Speech_Actors_01-24\Actor_23\03-01-06-02-02-02-23.wav,03-01-06-02-02-02-23.wav,23,male,6,fearful,strong,2,2,audio,speech,3.537,5
C:\Speech Emotion Recognition\notebooks\..\data\Raw\Audio_Speech_Actors_01-24\Actor_23\03-01-07-01-01-01-23.wav,03-01-07-01-01-01-23.wav,23,male,7,disgust,normal,1,1,audio,speech,3.57,6
C:\Speech Emotion Recognition\notebooks\..\data\Raw\Audio_Speech_Actors_01-24\Actor_23\03-01-07-01-01-02-23.wav,03-01-07-01-01-02-23.wav,23,male,7,disgust,normal,1,2,audio,speech,3.57,6
C:\Speech Emotion Recognition\notebooks\..\data\Raw\Audio_Speech_Actors_01-24\Actor_23\03-01-07-01-02-01-23.wav,03-01-07-01-02-01-23.wav,23,male,7,disgust,normal,2,1,audio,speech,3.47,6
C:\Speech Emotion Recognition\notebooks\..\data\Raw\Audio_Speech_Actors_01-24\Actor_23\03-01-07-01-02-02-23.wav,03-01-07-01-02-02-23.wav,23,male,7,disgust,normal,2,2,audio,speech,3.337,6
C:\Speech Emotion Recognition\notebooks\..\data\Raw\Audio_Speech_Actors_01-24\Actor_23\03-01-07-02-01-01-23.wav,03-01-07-02-01-01-23.wav,23,male,7,disgust,strong,1,1,audio,speech,4.071,6
C:\Speech Emotion Recognition\notebooks\..\data\Raw\Audio_Speech_Actors_01-24\Actor_23\03-01-07-02-01-02-23.wav,03-01-07-02-01-02-23.wav,23,male,7,disgust,strong,1,2,audio,speech,3.871,6
C:\Speech Emotion Recognition\notebooks\..\data\Raw\Audio_Speech_Actors_01-24\Actor_23\03-01-07-02-02-01-23.wav,03-01-07-02-02-01-23.wav,23,male,7,disgust,strong,2,1,audio,speech,3.737,6
C:\Speech Emotion Recognition\notebooks\..\data\Raw\Audio_Speech_Actors_01-24\Actor_23\03-01-07-02-02-02-23.wav,03-01-07-02-02-02-23.wav,23,male,7,disgust,strong,2,2,audio,speech,3.871,6
C:\Speech Emotion Recognition\notebooks\..\data\Raw\Audio_Speech_Actors_01-24\Actor_23\03-01-08-01-01-01-23.wav,03-01-08-01-01-01-23.wav,23,male,8,surprised,normal,1,1,audio,speech,3.27,7
C:\Speech Emotion Recognition\notebooks\..\data\Raw\Audio_Speech_Actors_01-24\Actor_23\03-01-08-01-01-02-23.wav,03-01-08-01-01-02-23.wav,23,male,8,surprised,normal,1,2,audio,speech,3.237,7
C:\Speech Emotion Recognition\notebooks\..\data\Raw\Audio_Speech_Actors_01-24\Actor_23\03-01-08-01-02-01-23.wav,03-01-08-01-02-01-23.wav,23,male,8,surprised,normal,2,1,audio,speech,3.303,7
C:\Speech Emotion Recognition\notebooks\..\data\Raw\Audio_Speech_Actors_01-24\Actor_23\03-01-08-01-02-02-23.wav,03-01-08-01-02-02-23.wav,23,male,8,surprised,normal,2,2,audio,speech,3.303,7
C:\Speech Emotion Recognition\notebooks\..\data\Raw\Audio_Speech_Actors_01-24\Actor_23\03-01-08-02-01-01-23.wav,03-01-08-02-01-01-23.wav,23,male,8,surprised,strong,1,1,audio,speech,3.503,7
C:\Speech Emotion Recognition\notebooks\..\data\Raw\Audio_Speech_Actors_01-24\Actor_23\03-01-08-02-01-02-23.wav,03-01-08-02-01-02-23.wav,23,male,8,surprised,strong,1,2,audio,speech,3.37,7
C:\Speech Emotion Recognition\notebooks\..\data\Raw\Audio_Speech_Actors_01-24\Actor_23\03-01-08-02-02-01-23.wav,03-01-08-02-02-01-23.wav,23,male,8,surprised,strong,2,1,audio,speech,3.337,7
C:\Speech Emotion Recognition\notebooks\..\data\Raw\Audio_Speech_Actors_01-24\Actor_23\03-01-08-02-02-02-23.wav,03-01-08-02-02-02-23.wav,23,male,8,surprised,strong,2,2,audio,speech,3.303,7
C:\Speech Emotion Recognition\notebooks\..\data\Raw\Audio_Speech_Actors_01-24\Actor_24\03-01-01-01-01-01-24.wav,03-01-01-01-01-01-24.wav,24,female,1,neutral,normal,1,1,audio,speech,3.704,0
C:\Speech Emotion Recognition\notebooks\..\data\Raw\Audio_Speech_Actors_01-24\Actor_24\03-01-01-01-01-02-24.wav,03-01-01-01-01-02-24.wav,24,female,1,neutral,normal,1,2,audio,speech,3.637,0
C:\Speech Emotion Recognition\notebooks\..\data\Raw\Audio_Speech_Actors_01-24\Actor_24\03-01-01-01-02-01-24.wav,03-01-01-01-02-01-24.wav,24,female,1,neutral,normal,2,1,audio,speech,3.637,0
C:\Speech Emotion Recognition\notebooks\..\data\Raw\Audio_Speech_Actors_01-24\Actor_24\03-01-01-01-02-02-24.wav,03-01-01-01-02-02-24.wav,24,female,1,neutral,normal,2,2,audio,speech,3.604,0
C:\Speech Emotion Recognition\notebooks\..\data\Raw\Audio_Speech_Actors_01-24\Actor_24\03-01-02-01-01-01-24.wav,03-01-02-01-01-01-24.wav,24,female,2,calm,normal,1,1,audio,speech,3.57,1
C:\Speech Emotion Recognition\notebooks\..\data\Raw\Audio_Speech_Actors_01-24\Actor_24\03-01-02-01-01-02-24.wav,03-01-02-01-01-02-24.wav,24,female,2,calm,normal,1,2,audio,speech,3.503,1
C:\Speech Emotion Recognition\notebooks\..\data\Raw\Audio_Speech_Actors_01-24\Actor_24\03-01-02-01-02-01-24.wav,03-01-02-01-02-01-24.wav,24,female,2,calm,normal,2,1,audio,speech,3.871,1
C:\Speech Emotion Recognition\notebooks\..\data\Raw\Audio_Speech_Actors_01-24\Actor_24\03-01-02-01-02-02-24.wav,03-01-02-01-02-02-24.wav,24,female,2,calm,normal,2,2,audio,speech,3.704,1
C:\Speech Emotion Recognition\notebooks\..\data\Raw\Audio_Speech_Actors_01-24\Actor_24\03-01-02-02-01-01-24.wav,03-01-02-02-01-01-24.wav,24,female,2,calm,strong,1,1,audio,speech,4.104,1
C:\Speech Emotion Recognition\notebooks\..\data\Raw\Audio_Speech_Actors_01-24\Actor_24\03-01-02-02-01-02-24.wav,03-01-02-02-01-02-24.wav,24,female,2,calm,strong,1,2,audio,speech,4.071,1
C:\Speech Emotion Recognition\notebooks\..\data\Raw\Audio_Speech_Actors_01-24\Actor_24\03-01-02-02-02-01-24.wav,03-01-02-02-02-01-24.wav,24,female,2,calm,strong,2,1,audio,speech,4.037,1
C:\Speech Emotion Recognition\notebooks\..\data\Raw\Audio_Speech_Actors_01-24\Actor_24\03-01-02-02-02-02-24.wav,03-01-02-02-02-02-24.wav,24,female,2,calm,strong,2,2,audio,speech,4.104,1
C:\Speech Emotion Recognition\notebooks\..\data\Raw\Audio_Speech_Actors_01-24\Actor_24\03-01-03-01-01-01-24.wav,03-01-03-01-01-01-24.wav,24,female,3,happy,normal,1,1,audio,speech,3.604,2
C:\Speech Emotion Recognition\notebooks\..\data\Raw\Audio_Speech_Actors_01-24\Actor_24\03-01-03-01-01-02-24.wav,03-01-03-01-01-02-24.wav,24,female,3,happy,normal,1,2,audio,speech,3.904,2
C:\Speech Emotion Recognition\notebooks\..\data\Raw\Audio_Speech_Actors_01-24\Actor_24\03-01-03-01-02-01-24.wav,03-01-03-01-02-01-24.wav,24,female,3,happy,normal,2,1,audio,speech,3.503,2
C:\Speech Emotion Recognition\notebooks\..\data\Raw\Audio_Speech_Actors_01-24\Actor_24\03-01-03-01-02-02-24.wav,03-01-03-01-02-02-24.wav,24,female,3,happy,normal,2,2,audio,speech,3.737,2
C:\Speech Emotion Recognition\notebooks\..\data\Raw\Audio_Speech_Actors_01-24\Actor_24\03-01-03-02-01-01-24.wav,03-01-03-02-01-01-24.wav,24,female,3,happy,strong,1,1,audio,speech,4.004,2
C:\Speech Emotion Recognition\notebooks\..\data\Raw\Audio_Speech_Actors_01-24\Actor_24\03-01-03-02-01-02-24.wav,03-01-03-02-01-02-24.wav,24,female,3,happy,strong,1,2,audio,speech,3.77,2
C:\Speech Emotion Recognition\notebooks\..\data\Raw\Audio_Speech_Actors_01-24\Actor_24\03-01-03-02-02-01-24.wav,03-01-03-02-02-01-24.wav,24,female,3,happy,strong,2,1,audio,speech,3.871,2
C:\Speech Emotion Recognition\notebooks\..\data\Raw\Audio_Speech_Actors_01-24\Actor_24\03-01-03-02-02-02-24.wav,03-01-03-02-02-02-24.wav,24,female,3,happy,strong,2,2,audio,speech,3.871,2
C:\Speech Emotion Recognition\notebooks\..\data\Raw\Audio_Speech_Actors_01-24\Actor_24\03-01-04-01-01-01-24.wav,03-01-04-01-01-01-24.wav,24,female,4,sad,normal,1,1,audio,speech,4.104,3
C:\Speech Emotion Recognition\notebooks\..\data\Raw\Audio_Speech_Actors_01-24\Actor_24\03-01-04-01-01-02-24.wav,03-01-04-01-01-02-24.wav,24,female,4,sad,normal,1,2,audio,speech,3.971,3
C:\Speech Emotion Recognition\notebooks\..\data\Raw\Audio_Speech_Actors_01-24\Actor_24\03-01-04-01-02-01-24.wav,03-01-04-01-02-01-24.wav,24,female,4,sad,normal,2,1,audio,speech,3.537,3
C:\Speech Emotion Recognition\notebooks\..\data\Raw\Audio_Speech_Actors_01-24\Actor_24\03-01-04-01-02-02-24.wav,03-01-04-01-02-02-24.wav,24,female,4,sad,normal,2,2,audio,speech,3.837,3
C:\Speech Emotion Recognition\notebooks\..\data\Raw\Audio_Speech_Actors_01-24\Actor_24\03-01-04-02-01-01-24.wav,03-01-04-02-01-01-24.wav,24,female,4,sad,strong,1,1,audio,speech,4.404,3
C:\Speech Emotion Recognition\notebooks\..\data\Raw\Audio_Speech_Actors_01-24\Actor_24\03-01-04-02-01-02-24.wav,03-01-04-02-01-02-24.wav,24,female,4,sad,strong,1,2,audio,speech,4.571,3
C:\Speech Emotion Recognition\notebooks\..\data\Raw\Audio_Speech_Actors_01-24\Actor_24\03-01-04-02-02-01-24.wav,03-01-04-02-02-01-24.wav,24,female,4,sad,strong,2,1,audio,speech,4.204,3
C:\Speech Emotion Recognition\notebooks\..\data\Raw\Audio_Speech_Actors_01-24\Actor_24\03-01-04-02-02-02-24.wav,03-01-04-02-02-02-24.wav,24,female,4,sad,strong,2,2,audio,speech,4.671,3
C:\Speech Emotion Recognition\notebooks\..\data\Raw\Audio_Speech_Actors_01-24\Actor_24\03-01-05-01-01-01-24.wav,03-01-05-01-01-01-24.wav,24,female,5,angry,normal,1,1,audio,speech,4.104,4
C:\Speech Emotion Recognition\notebooks\..\data\Raw\Audio_Speech_Actors_01-24\Actor_24\03-01-05-01-01-02-24.wav,03-01-05-01-01-02-24.wav,24,female,5,angry,normal,1,2,audio,speech,3.737,4
C:\Speech Emotion Recognition\notebooks\..\data\Raw\Audio_Speech_Actors_01-24\Actor_24\03-01-05-01-02-01-24.wav,03-01-05-01-02-01-24.wav,24,female,5,angry,normal,2,1,audio,speech,3.67,4
C:\Speech Emotion Recognition\notebooks\..\data\Raw\Audio_Speech_Actors_01-24\Actor_24\03-01-05-01-02-02-24.wav,03-01-05-01-02-02-24.wav,24,female,5,angry,normal,2,2,audio,speech,4.204,4
C:\Speech Emotion Recognition\notebooks\..\data\Raw\Audio_Speech_Actors_01-24\Actor_24\03-01-05-02-01-01-24.wav,03-01-05-02-01-01-24.wav,24,female,5,angry,strong,1,1,audio,speech,4.371,4
C:\Speech Emotion Recognition\notebooks\..\data\Raw\Audio_Speech_Actors_01-24\Actor_24\03-01-05-02-01-02-24.wav,03-01-05-02-01-02-24.wav,24,female,5,angry,strong,1,2,audio,speech,4.371,4
C:\Speech Emotion Recognition\notebooks\..\data\Raw\Audio_Speech_Actors_01-24\Actor_24\03-01-05-02-02-01-24.wav,03-01-05-02-02-01-24.wav,24,female,5,angry,strong,2,1,audio,speech,4.171,4
C:\Speech Emotion Recognition\notebooks\..\data\Raw\Audio_Speech_Actors_01-24\Actor_24\03-01-05-02-02-02-24.wav,03-01-05-02-02-02-24.wav,24,female,5,angry,strong,2,2,audio,speech,5.105,4
C:\Speech Emotion Recognition\notebooks\..\data\Raw\Audio_Speech_Actors_01-24\Actor_24\03-01-06-01-01-01-24.wav,03-01-06-01-01-01-24.wav,24,female,6,fearful,normal,1,1,audio,speech,4.104,5
C:\Speech Emotion Recognition\notebooks\..\data\Raw\Audio_Speech_Actors_01-24\Actor_24\03-01-06-01-01-02-24.wav,03-01-06-01-01-02-24.wav,24,female,6,fearful,normal,1,2,audio,speech,4.071,5
C:\Speech Emotion Recognition\notebooks\..\data\Raw\Audio_Speech_Actors_01-24\Actor_24\03-01-06-01-02-01-24.wav,03-01-06-01-02-01-24.wav,24,female,6,fearful,normal,2,1,audio,speech,3.937,5
C:\Speech Emotion Recognition\notebooks\..\data\Raw\Audio_Speech_Actors_01-24\Actor_24\03-01-06-01-02-02-24.wav,03-01-06-01-02-02-24.wav,24,female,6,fearful,normal,2,2,audio,speech,4.004,5
C:\Speech Emotion Recognition\notebooks\..\data\Raw\Audio_Speech_Actors_01-24\Actor_24\03-01-06-02-01-01-24.wav,03-01-06-02-01-01-24.wav,24,female,6,fearful,strong,1,1,audio,speech,3.837,5
C:\Speech Emotion Recognition\notebooks\..\data\Raw\Audio_Speech_Actors_01-24\Actor_24\03-01-06-02-01-02-24.wav,03-01-06-02-01-02-24.wav,24,female,6,fearful,strong,1,2,audio,speech,4.071,5
C:\Speech Emotion Recognition\notebooks\..\data\Raw\Audio_Speech_Actors_01-24\Actor_24\03-01-06-02-02-01-24.wav,03-01-06-02-02-01-24.wav,24,female,6,fearful,strong,2,1,audio,speech,3.604,5
C:\Speech Emotion Recognition\notebooks\..\data\Raw\Audio_Speech_Actors_01-24\Actor_24\03-01-06-02-02-02-24.wav,03-01-06-02-02-02-24.wav,24,female,6,fearful,strong,2,2,audio,speech,3.837,5
C:\Speech Emotion Recognition\notebooks\..\data\Raw\Audio_Speech_Actors_01-24\Actor_24\03-01-07-01-01-01-24.wav,03-01-07-01-01-01-24.wav,24,female,7,disgust,normal,1,1,audio,speech,4.304,6
C:\Speech Emotion Recognition\notebooks\..\data\Raw\Audio_Speech_Actors_01-24\Actor_24\03-01-07-01-01-02-24.wav,03-01-07-01-01-02-24.wav,24,female,7,disgust,normal,1,2,audio,speech,4.104,6
C:\Speech Emotion Recognition\notebooks\..\data\Raw\Audio_Speech_Actors_01-24\Actor_24\03-01-07-01-02-01-24.wav,03-01-07-01-02-01-24.wav,24,female,7,disgust,normal,2,1,audio,speech,4.004,6
C:\Speech Emotion Recognition\notebooks\..\data\Raw\Audio_Speech_Actors_01-24\Actor_24\03-01-07-01-02-02-24.wav,03-01-07-01-02-02-24.wav,24,female,7,disgust,normal,2,2,audio,speech,4.071,6
C:\Speech Emotion Recognition\notebooks\..\data\Raw\Audio_Speech_Actors_01-24\Actor_24\03-01-07-02-01-01-24.wav,03-01-07-02-01-01-24.wav,24,female,7,disgust,strong,1,1,audio,speech,4.338,6
C:\Speech Emotion Recognition\notebooks\..\data\Raw\Audio_Speech_Actors_01-24\Actor_24\03-01-07-02-01-02-24.wav,03-01-07-02-01-02-24.wav,24,female,7,disgust,strong,1,2,audio,speech,4.638,6
C:\Speech Emotion Recognition\notebooks\..\data\Raw\Audio_Speech_Actors_01-24\Actor_24\03-01-07-02-02-01-24.wav,03-01-07-02-02-01-24.wav,24,female,7,disgust,strong,2,1,audio,speech,4.238,6
C:\Speech Emotion Recognition\notebooks\..\data\Raw\Audio_Speech_Actors_01-24\Actor_24\03-01-07-02-02-02-24.wav,03-01-07-02-02-02-24.wav,24,female,7,disgust,strong,2,2,audio,speech,4.438,6
C:\Speech Emotion Recognition\notebooks\..\data\Raw\Audio_Speech_Actors_01-24\Actor_24\03-01-08-01-01-01-24.wav,03-01-08-01-01-01-24.wav,24,female,8,surprised,normal,1,1,audio,speech,3.303,7
C:\Speech Emotion Recognition\notebooks\..\data\Raw\Audio_Speech_Actors_01-24\Actor_24\03-01-08-01-01-02-24.wav,03-01-08-01-01-02-24.wav,24,female,8,surprised,normal,1,2,audio,speech,3.47,7
C:\Speech Emotion Recognition\notebooks\..\data\Raw\Audio_Speech_Actors_01-24\Actor_24\03-01-08-01-02-01-24.wav,03-01-08-01-02-01-24.wav,24,female,8,surprised,normal,2,1,audio,speech,3.37,7
C:\Speech Emotion Recognition\notebooks\..\data\Raw\Audio_Speech_Actors_01-24\Actor_24\03-01-08-01-02-02-24.wav,03-01-08-01-02-02-24.wav,24,female,8,surprised,normal,2,2,audio,speech,3.403,7
C:\Speech Emotion Recognition\notebooks\..\data\Raw\Audio_Speech_Actors_01-24\Actor_24\03-01-08-02-01-01-24.wav,03-01-08-02-01-01-24.wav,24,female,8,surprised,strong,1,1,audio,speech,3.937,7
C:\Speech Emotion Recognition\notebooks\..\data\Raw\Audio_Speech_Actors_01-24\Actor_24\03-01-08-02-01-02-24.wav,03-01-08-02-01-02-24.wav,24,female,8,surprised,strong,1,2,audio,speech,3.971,7
C:\Speech Emotion Recognition\notebooks\..\data\Raw\Audio_Speech_Actors_01-24\Actor_24\03-01-08-02-02-01-24.wav,03-01-08-02-02-01-24.wav,24,female,8,surprised,strong,2,1,audio,speech,3.67,7
C:\Speech Emotion Recognition\notebooks\..\data\Raw\Audio_Speech_Actors_01-24\Actor_24\03-01-08-02-02-02-24.wav,03-01-08-02-02-02-24.wav,24,female,8,surprised,strong,2,2,audio,speech,3.637,7
